query_id,year,title,authors,journal,doi,pmid,pmcid,cited_by,open_access,pub_types,url,abstract
biology,2025,Advances in human oocyte in vitro maturation: current status and future perspectives: a narrative review.,"Liu M, Cui J, Chang HM, Liu J, Leung PCK.",Reproduction & fertility,10.1530/raf-25-0092,41059757,PMC12579509,2,yes,"Research Support, Non-U.S. Gov't; review-article; Review; Journal Article",https://doi.org/10.1530/raf-25-0092,"Oocyte in vitro maturation (IVM) is an evolving component of assisted reproductive technology (ART) that offers a less invasive and cost-effective alternative to conventional controlled ovarian stimulation. It is particularly beneficial for patients at risk of ovarian hyperstimulation syndrome (OHSS), those with polycystic ovary syndrome (PCOS), and individuals requiring urgent fertility preservation. Despite these advantages, clinical uptake has remained limited owing to concerns about the developmental competence and quality of IVM-derived oocytes. To address this, we conducted a comprehensive literature search of PubMed, Embase, and Web of Science for articles published between January 2000 and June 2025, using combinations of keywords related to IVM, oocyte maturation, culture protocols, oocyte quality, and clinical outcomes. Recent progress in the field has led to the development of biphasic culture systems, pre-IVM priming strategies, and the incorporation of regulatory factors such as C-type natriuretic peptide (CNP) and oocyte-secreted factors, all of which have contributed to improved oocyte maturation and embryo development. Nonetheless, variability in outcomes persists due to differences in patient selection, stimulation protocols, and laboratory practice. Continued optimisation of IVM culture systems and a deeper understanding of oocyte maturation mechanisms will be essential for enhancing clinical efficacy. Future research should prioritise standardisation, patient-tailored protocols, and systematic long-term outcome data to support wider adoption of IVM. This review provides a comprehensive overview of recent advances and ongoing challenges in human oocyte IVM, offering perspectives on future directions for clinical translation and improved ART outcomes. Lay summary IVM is a fertility treatment that allows immature eggs to mature in the laboratory rather than within the body. This approach can be safer, simpler, and more affordable than traditional IVF, especially for women with polycystic ovary syndrome (PCOS), those at risk of ovarian hyperstimulation, or those who need to preserve their fertility quickly, such as cancer patients. Although IVM holds great promise, it is not yet widely used because its success rates are not as high as those of conventional methods. This review looks at the latest scientific progress to improve IVM, including better laboratory techniques, the use of natural hormones and growth factors, and new ways to support egg development outside the body. These advancements have helped improve the quality of eggs and embryos, but challenges remain. Differences in patient types, medications used, and lab practices can affect how well IVM works. More research is needed to make IVM more consistent and effective so it can become a routine fertility option for a broader population."
biology,2026,In vitro maturation 2.0: a new era for an underdog in ART.,"Kulmann MIR, Andrade GM, Bos-Mikich A, Oliveira NP, Ferreira M, Frantz N.",JBRA assisted reproduction,10.5935/1518-0557.20250177,41757835,PMC13318288,0,yes,review-article; Review; Journal Article,https://doi.org/10.5935/1518-0557.20250177,"In vitro maturation (IVM) of human oocytes, once a pioneering concept predating conventional IVF, has long remained an underutilized technique in assisted reproduction. Despite early promise, clinical adoption of IVM has been limited due to lower embryo developmental competence and live birth rates compared to IVF. However, recent advances in the understanding of oocyte physiology, including cumulus-oocyte communication, the regulatory roles of cAMP/cGMP signaling pathways, and endocrine modulation of meiotic resumption, have reignited interest in optimizing IVM protocols. Innovations such as biphasic Capacitation (CAPA) IVM systems and the use of ovarian somatic support cells (OSCs) derived from induced pluripotent stem cells (iPSCs) aim to replicate the dynamic follicular environment more accurately and enhance oocyte competence. Clinical studies suggest that, while IVM still results in modestly lower cumulative live birth rates compared to conventional IVF, it offers significant advantages for selected patient populations, particularly women with polycystic ovary syndrome (PCOS), high ovarian reserve, or those requiring fertility preservation. Importantly, current evidence supports the genetic and epigenetic safety of IVM-derived offspring. As technical refinements continue and professional education expands, IVM is poised to fulfill its potential as a safer, less invasive, and more accessible alternative within the landscape of assisted reproductive technologies."
biology,2026,In vitro maturation for infertility in polyendocrine metabolic ovarian syndrome: a systematic review of treatment protocols and outcomes.,"Vuong LN, Pham TD, Le HL, Ho TM.",Fertility and sterility,10.1016/j.fertnstert.2026.07.032,42586493,,0,no,Review; Journal Article,https://doi.org/10.1016/j.fertnstert.2026.07.032,"In vitro maturation (IVM) involves the retrieval of immature oocytes from unstimulated or minimally primed antral follicles, with maturation completed in culture. Women with polyendocrine metabolic ovarian syndrome (PMOS), the condition previously known as polycystic ovary syndrome, are the prototypical candidates for oocyte IVM because it largely avoids ovarian hyperstimulation syndrome (OHSS). Several IVM protocols are in clinical use, differing in priming (human chorionic gonadotropin [hCG], follicle-stimulating hormone [FSH], or none) and culture system (standard vs. biphasic capacitation [CAPA-IVM]). We systematically reviewed published data relating to the use of the above IVM protocols in women with PMOS that were identified by literature searching (MEDLINE, Embase, Web of Science, Cochrane). All IVM protocols essentially eliminated OHSS. Oocyte maturation, number of usable embryos, and the live birth rate varied by priming strategy, culture system, and embryo transfer policy. Maturation rates were approximately 50% with standard IVM and 60%-70% with the hCG-primed or biphasic protocols, and live birth rate after a single retrieval was approximately 20%-48%. The CAPA-IVM protocol was associated with the highest maturation and embryo yield, and a randomized trial reported that a fully hormone-free CAPA-IVM protocol is feasible. Obstetric, neonatal, epigenetic, and child-neurodevelopmental outcomes, now reported up to age 5-7 years, are reassuring. Clinical and methodological heterogeneity precluded statistical pooling of data, and the evidence remains dominated by single-center cohorts, with few randomized trials. This article summarizes protocol-specific outcomes, identifies determinants of success, and defines priorities for standardizing IVM and generating higher-quality evidence for the use of IVM in PMOS."
biology,2025,"Advances, Mechanisms, and Clinical Perspectives for the In Vitro Maturation of Human Oocytes.","Gargallo-Alonso M, Picton HM, Malo C.",International journal of molecular sciences,10.3390/ijms27010005,41515886,PMC12785462,1,yes,review-article; Review; Journal Article,https://doi.org/10.3390/ijms27010005,"The in vitro maturation (IVM) of human oocytes represents a valuable assisted reproductive technology that bypasses the need for full ovarian stimulation, offering safer alternatives for patients with polycystic ovary syndrome (PCOS), resistant ovary syndrome, or those requiring fertility preservation before oncological treatment. Despite its potential, IVM efficiency remains lower than that of conventional in vitro fertilization (IVF) due to incomplete understanding of the molecular and metabolic mechanisms underpinning oocyte maturation. This review summarizes recent advances in IVM, including biphasic or simulated physiological oocyte maturation (SPOM) systems, optimization of culture media through hormones, growth factors, and antioxidants, and the influence of cumulus-oocyte communication on developmental competence. We also discuss the biochemical regulation of meiosis, metabolic interactions, and gene expression patterns associated with oocyte quality. Furthermore, we examine the translational and clinical applications of IVM in human fertility treatment, highlighting its efficacy in PCOS and oncofertility cases, and the limitations that persist in replicating in vivo conditions. Emerging technologies such as microfluidic and three-dimensional culture systems show promise in enhancing oocyte competence and embryo yield. Continued research into the molecular mechanisms governing oocyte maturation will be key to improving IVM outcomes and integrating this approach as a mainstream option in reproductive medicine."
biology,2026,In vitro maturation of bovine and porcine oocytes as a versatile model for toxicity and metabolism studies†.,"Hallberg I, Laskowski D, Sjunnesson YCB.",Biology of reproduction,10.1093/biolre/ioaf137,40581752,,2,no,"Research Support, Non-U.S. Gov't; Review; Journal Article",https://doi.org/10.1093/biolre/ioaf137,"Assisted reproductive technologies (ARTs) have significantly advanced, yet the definition and assessment of oocyte quality remain pivotal for successful embryo development. Oocyte quality is influenced by various factors, including lifestyle, age, metabolic status, and exposure to pollutants or medications. Non-invasive techniques to evaluate oocyte quality are limited, and invasive methods are commonly used in research. In vitro maturation (IVM) of oocytes from cows and pigs offers valuable models for human ART due to various similarities, though there are species-specific differences. These IVM and in vitro embryo production (IVEP) systems offer valuable insights into oocyte maturation and early embryo development without use of experimental animals. While bovine IVEP is well established, porcine IVEP has great potential for improvement. The models can be crucial for reproductive biology and biomedical research and can contribute to advancements in areas such as human fertility treatments and toxicity testing. Apart from oocyte quality assessment, there are challenges, such as variability in oocyte quality from slaughterhouse ovaries and the difficulty in mimicking the complex in vivo environment. Emerging technologies, like gene-expression analysis tools, and non-invasive -omics approaches hold promise for overcoming some obstacles by improving precision, sensitivity, and reproducibility in IVEP studies. In this review, we discuss the model in simulating various conditions but with main focus on metabolic challenges and in toxicity screening and aim to give an overview of the current and possible future use of IVM in cows and pigs as a model for the same or other mammalian species, as well as the limitations."
biology,2025,A Systematic Review and Integrated Bioinformatic Analysis on the Gene Expression of Cumulus-Oocyte Complex Following In Vitro Maturation.,"Elias MH, Zainal N, Abdul Rahman SN, Sutaji Z, Ahmad MF, Mohd Manzor NF.",The Malaysian journal of medical sciences : MJMS,10.21315/mjms-12-2024-948,41081025,PMC12513515,0,yes,review-article; Review; Journal Article,https://doi.org/10.21315/mjms-12-2024-948,"Infertility, a rising global concern, is frequently caused by genetic causes, making modern reproductive methods like in vitro fertilisation (IVF) and in vitro maturation (IVM) necessary for successful conception. Nonetheless, little is known about the molecular pathways causing infertility. This study conducted a systematic review following PRISMA guidelines, aiming to comprehensively elucidate the gene expression profiles of cumulus cells following IVM and their implications for reproductive outcomes. A thorough literature search was conducted across multiple databases, employing a combination of keywords related to cumulus cells, IVM, and gene expression. For this systematic review, screening processes identified four clinical human studies meeting inclusion criteria, published between 2013 and 2022. The studies used qPCR and RNA sequencing to compare gene expression in cumulus cells pre- and post-IVM or between IVF and IVM patients. Despite variations in sample sizes and methodologies, 22 differentially expressed genes (DEGs) were identified, with 10 common DEGs between IVF and IVM matured cumulus-oocyte complexes. Protein-protein interaction network analysis revealed a complex molecular network associated with cumulus cell function and oocyte maturation. Clustering analysis identified a significant cluster enriched in genes involved in the epidermal growth factor receptor signalling pathway and cell membrane dynamics. Gene ontology and pathway enrichment analysis highlighted the involvement of DEGs in cell-cell signalling, signal transduction, and ovarian steroidogenesis pathways. The findings emphasise the importance of understanding molecular mechanisms in infertility and provide valuable insights for optimising assisted reproductive technologies. Future research should focus on validating these findings and exploring potential therapeutic targets for improving reproductive outcomes."
biology,2023,In vitro maturation (IVM) of human immature oocytes: is it still relevant?,"Das M, Son WY.",Reproductive biology and endocrinology : RB&E,10.1186/s12958-023-01162-x,37993914,PMC10664544,57,yes,review-article; Review; Journal Article,https://doi.org/10.1186/s12958-023-01162-x,"In vitro maturation (IVM) of human immature oocytes has been shown to be a viable option for patients at risk of ovarian hyperstimulation syndrome (OHSS), those seeking urgent fertility preservation and in circumstances where controlled ovarian stimulation is not feasible. Moreover, IVM techniques can be combined with ovarian tissue cryobanking to increase the chances of conception in cancer survivors. The clinical applications of IVM in the field of reproductive medicine are rapidly expanding and the technique is now classified as non-experimental. In contrast to conventional IVF (in vitro fertilization), IVM offers several advantages, such as reduced gonadotropin stimulation, minimal risk of ovarian hyperstimulation syndrome (OHSS), reduced treatment times and lower costs. However, the technical expertise involved in performing IVM and its lower success rates compared to traditional IVF cycles, still pose significant challenges. Despite recent advances, such as innovative biphasic IVM systems, IVM is still an evolving technique and research is ongoing to refine protocols and identify techniques to improve its efficiency and effectiveness. A comprehensive understanding of the distinct mechanisms of oocyte maturation is crucial for obtaining more viable oocytes through in vitro methods, which will in turn lead to significantly improved success rates. In this review, the present state of human IVM programs and future research directions will be discussed, aiming to promote a better understanding of IVM and identify potential strategies to improve the overall efficiency and success rates of IVM programs, which will in turn lead to better clinical outcomes."
biology,2025,In vitro maturation of oocytes: what is already known?†.,"Morato ALC, Verruma CG, Furtado CLM, Dos Reis RM.",Biology of reproduction,10.1093/biolre/ioae147,39423281,,8,no,Review; Journal Article,https://doi.org/10.1093/biolre/ioae147,"Assisted reproductive technologies (ARTs) involve the laboratory manipulation of gametes and embryos to help couples with fertility problems become pregnant. One of these procedures, controlled ovarian stimulation, uses pharmacological agents to induce ovarian and follicular maturation in vivo. Despite the effectiveness in achieving pregnancy and live births, some patients may have complications due to over-response to gonadotropins and develop ovarian hyperstimulation syndrome. In vitro maturation (IVM) of oocytes has emerged as a technique to reduce the risk of ovarian hyperstimulation syndrome, particularly in women with polycystic ovary syndrome, and for fertility preservation in women undergoing oncological treatment. Although there are some limitations, primarily due to oocyte quality, recent advances have improved pregnancy success rates and neonatal and infant outcomes. Different terms have been coined to describe variations of IVM, and the technique has evolved with the introduction of hormones to optimize results. In this review, we provide a comprehensive overview of IVM relating hormonal priming, culture system and media, and clinical indications for IVM with its reproductive outcomes during ARTs."
biology,2024,New Insights on In Vitro Maturation of Oocytes for Fertility Preservation.,"Gotschel F, Sonigo C, Becquart C, Sellami I, Mayeur A, Grynberg M.",International journal of molecular sciences,10.3390/ijms251910605,39408934,PMC11477201,11,yes,review-article; Review; Journal Article,https://doi.org/10.3390/ijms251910605,"In the last decade, the evolution of oncofertility has sparked a resurgence of interest in in vitro maturation (IVM) due to its suitability in certain oncological scenarios where controlled ovarian hyperstimulation may not be feasible. The retrieval of immature cumulus-oocyte complexes from small antral follicles, regardless of the menstrual cycle phase, presents a swift opportunity to vitrify mature oocytes or embryos post-IVM in urgent situations or when stimulation is not advisable. Harvesting immature cumulus-oocyte complexes and immature oocytes can be achieved transvaginally or directly in the laboratory from extracorporeal ovarian tissue. Although IVM has transitioned from an experimental status due to safety validations, it relies on the intricate process of oocyte maturation. Despite successful live births resulting from IVM in fertility preservation contexts, the comparatively lower developmental competence of in vitro matured oocytes highlights the necessity to enhance IVM culture systems. Recent advancements in IVM systems hold promise in bolstering oocyte competence post-IVM, thereby narrowing the gap between IVM and outcomes from ovarian stimulation. Additionally, for optimizing the chances of conception in cancer survivors, the combination of IVM and ovarian tissue cryopreservation stands as the favored choice when ovarian stimulation is unfeasible."
biology,2025,In vitro maturation in subfertile women with polycystic ovarian syndrome undergoing assisted reproduction.,"Siristatidis CS, Papapanou M, Maheshwari A, Vaidakis D.",The Cochrane database of systematic reviews,10.1002/14651858.cd006606.pub5,39912435,PMC11800328,6,no,Meta-Analysis; Systematic Review; systematic-review; Journal Article,https://doi.org/10.1002/14651858.cd006606.pub5,"Background Polycystic ovarian syndrome (PCOS) occurs in 8% to 13% of all women of reproductive age and 50% of women presenting with infertility (i.e. inability to reach a pregnancy after 12 months or more of regular unprotected sexual intercourse). A proportion of these women ultimately need assisted reproductive technology. In vitro fertilisation (IVF)/intracytoplasmic sperm injection (ICSI) are assisted reproduction techniques used to raise the chances of a pregnancy. In women with PCOS, the supra-physiological doses of gonadotrophins used for controlled ovarian hyperstimulation (COH) often result in an exaggerated ovarian response characterised by the development of a large cohort of follicles of uneven quality, retrieval of immature oocytes, and increased risk of ovarian hyperstimulation syndrome (OHSS). A potentially effective intervention for women with PCOS-related infertility involves earlier retrieval of immature oocytes at the germinal-vesicle stage followed by in vitro maturation (IVM). This is the third update of this Cochrane review on the subject (after the last update on 27 June 2018). Objectives To assess the benefits and harms of IVM followed by IVF or ICSI versus conventional IVF or ICSI among women with PCOS. Search methods On 27 February 2023, we searched the Cochrane Gynaecology and Fertility Group Specialised Register of Controlled Trials, CENTRAL, MEDLINE, Embase, and the Open Grey database. We further searched the National Institute for Health and Care Excellence (NICE) fertility assessment and treatment guidelines. We also searched reference lists of relevant papers and Google Scholar for any additional trials. Selection criteria We included randomised controlled trials (RCTs) comparing IVM before IVF or ICSI with conventional IVF or ICSI for infertile women with PCOS, irrespective of language and country of origin. Data collection and analysis Two review authors independently selected studies, assessed the risk of bias, extracted data from studies, and, where needed, attempted to contact the authors for missing data. Our primary outcomes were live birth per woman randomised and miscarriage. We performed statistical analysis using Review Manager. We assessed the certainty of the evidence using GRADE and the risk of bias using the Cochrane RoB 2 tool. Main results We found four published trials suitable for inclusion in this update. The studies involved 810 subfertile women undergoing assisted reproductive technology. Two of four were already included in the previous version of the review, were published as abstracts in international conferences, and were at high risk of bias. The two new studies were at low risk of bias in all domains and in terms of all outcomes. We implemented the random-effects model for the quantitative analyses and restricted the primary analysis to studies at low risk of bias in all domains. We are very uncertain about the effect of IVM or capacitation IVM (a new biphasic IVM system improving the developmental competence of oocytes) on live birth when compared to IVF when a GnRH antagonist protocol was applied (odds ratio (OR) 0.47, 95% confidence interval (CI) 0.17 to 1.32; I 2 = 91%; 2 studies, 739 participants; very low-certainty evidence). This suggests that if the chance of live birth following standard IVF is assumed to be 45.7%, then the chance of IVM would be 12.5% to 52.6%. In contrast, IVM or capacitation IVM increases miscarriage per clinical pregnancy (where clinical pregnancy was defined as evidence of a fetal heart beat on ultrasound at seven gestational weeks) in women with PCOS when compared to IVF (OR 1.66, 95% CI 1.02 to 2.70; I 2 = 0%; 2 studies, 378 clinical pregnancies; high-certainty evidence). This suggests that if the chance of miscarriage following standard IVF is assumed to be 20.1%, then the chance using IVM would be 20.4% to 40.4%. Results remained similar when using the risk ratio (RR) as the measure of effect. We are uncertain about the effect of IVM or capacitation IVM on clinical pregnancy when compared to IVF when a GnRH antagonist protocol was applied (OR 0.49, 95% CI 0.14 to 1.70; I 2 = 94%; 2 studies, 739 participants; very low-certainty evidence). The results were similar after pooling the RRs. IVM or capacitation IVM results in a large reduction in the incidence of moderate or severe OHSS as compared to IVF when a GnRH antagonist protocol was applied (OR 0.08, 95% CI 0.01 to 0.67; I 2 = 0%; 2 studies, 739 participants; high-certainty evidence). This suggests that if the incidence of OHSS following IVF is assumed to be 3.5%, then the incidence with IVM would be 0% to 2.4%. Also, there is probably little to no difference in preterm birth between IVM or capacitation IVM and IVF after the application of a GnRH antagonist protocol (OR 0.69, 95% CI 0.31 to 1.52; I² = 45%; 2 studies, 739 participants; moderate-certainty evidence). As for congenital anomalies, one study reported no events, while another showed an uncertain effect of IVM (OR 0.33, 95% CI 0.01 to 8.24; 1 study, 351 participants; low-certainty evidence). Results remained similar when using the RR as the measure of effect. There were no data from any of the studies for cycle cancellation, oocyte fertilisation, or subgroup analyses. Authors' conclusions There is continuous scientific interest in IVM, and promising data have been published. Concerning live birth and clinical pregnancy, we are very uncertain about the effect of the technique when compared to IVF after using a GnRH antagonist protocol. In contrast, high-certainty evidence shows that IVM increases miscarriage per clinical pregnancy and reduces the incidence of moderate or severe OHSS in women with PCOS compared to IVF after a GnRH antagonist protocol. Regarding the rest of the outcomes, low- to moderate-certainty evidence showed little to no difference in preterm birth and risk of congenital anomalies between the two modalities. We eagerly anticipate further evidence from high-quality trials in the field (we found five ongoing trials)."
biology,2024,"Exploring the Potential of In vitro Maturation (IVM) of Oocytes: Indications, Applications, and Treatment Protocols.","Torkashvand H, Shabani R, Amiri I, Darakhshan R, Maleki B, Doostabadi MR, Mehdizadeh M.",Avicenna journal of medical biotechnology,10.18502/ajmb.v16i3.15741,39132634,PMC11316506,5,yes,review-article; Review; Journal Article,https://doi.org/10.18502/ajmb.v16i3.15741,"This review addresses the current understanding of In Vitro Maturation (IVM) treatment, including indications and effective treatment protocols influencing oocyte developmental competence. A comprehensive literature search was performed to gather relevant studies, clinical trials, and reviews related to IVM. Databases such as PubMed, MEDLINE, and pertinent medical journals were searched. The selected literature was analyzed and synthesized to offer a comprehensive overview. IVM has emerged as a promising technique for inducing maturation in immature oocytes across various developmental stages. Its applications extend to areas utilizing In Vitro Fertilization (IVF), gaining traction as a treatment option for Polycystic Ovary Syndrome (PCOS) and fertility preservation in cancer patients. Recent advancements have led to improved global pregnancy rates, resulting in successful births. IVM also holds potential in reducing risks associated with conventional IVF, including ovarian hyperstimulation syndrome and multiple pregnancies. Despite these advantages, IVM adoption in clinical practice remains limited. Ongoing research aims to refine therapeutic protocols and expand clinical indications. IVM holds promise in assisted reproductive technology, spanning applications from cancer patient fertility preservation to addressing PCOS. Enhanced pregnancy rates highlight efficacy, while risk reduction compared to IVF underscores its importance. Further research is needed for optimal use across patient groups, emphasizing protocol refinement and expanded applications."
biology,2023,Oocyte in vitro maturation: physiological basis and application to clinical practice.,"Gilchrist RB, Smitz J.",Fertility and sterility,10.1016/j.fertnstert.2023.02.010,36804961,,81,no,Review; Journal Article,https://doi.org/10.1016/j.fertnstert.2023.02.010,"Oocyte in vitro maturation (IVM) is an assisted reproductive technology with a long and sometimes checked history. It is a minimally invasive technique involving the deliberate collection of immature oocytes from patients that have received no or minimal ovarian stimulation and the culture of oocytes to maturity in vitro, before standard procedures thereafter. Now, IVM is classified as nonexperimental and is primarily indicated for patients with a high antral follicle count, especially patients with polycystic ovaries or polycystic ovary syndrome, as well as for fertility preservation in cancer patients. In the recent past, IVM practice has had a confusing array of clinical protocols and has been slow to adapt to new scientific insights; however, recently, significant advances have been made in IVM culture methods based on new knowledge from animal studies, combined with defining a simple patient treatment protocol. These improvements have led to significant recent progress in IVM practice to the extent that IVM is now routinely practiced in a growing number of centers with specialized expertise around the world."
indications,2026,Cumulative live birth after unstimulated in vitro maturation versus conventional in vitro fertilization (IVF) in women with polycystic ovary syndrome: a 36-month retrospective matched cohort study.,"Guo W, Chen L, Yang Z, Wang L, Wu H, Yang R, Yang S, Zheng X, Chang HM, Zhen X, Qiao J, Li R.",Journal of ovarian research,10.1186/s13048-026-02092-z,41981617,PMC13200467,0,yes,research-article; Journal Article,https://doi.org/10.1186/s13048-026-02092-z,"BACKGROUND: Polycystic ovary syndrome (PCOS) is characterized by heterogeneous ovarian responsiveness and a heightened risk of ovarian hyperstimulation syndrome (OHSS) during gonadotropin stimulation. Strictly unstimulated in vitro maturation (IVM) avoids ovarian stimulation and may reduce treatment burden; however, long-term cumulative live birth outcomes remain insufficiently defined, especially across baseline ovarian phenotypes. METHODS: This retrospective matched cohort study included women aged 20–42 years with PCOS, diagnosed by the Rotterdam criteria, treated at a university-affiliated fertility center between January 2010 and December 2022 (follow-up through December 2023). Women undergoing unstimulated IVM (n = 545) were matched 1:3 by age and BMI to women undergoing conventional in vitro fertilization (IVF) using a GnRH antagonist protocol (n = 1,635). The primary outcome was the 36-month cumulative live birth rate (CLBR) per initiated oocyte retrieval cycle. Secondary outcomes included implantation and live birth after the first transfer (fresh vs. frozen), OHSS, and obstetric/perinatal outcomes. Odds ratios (ORs) were calculated for the freeze-all subset. RESULTS: The 36-month CLBR per initiated retrieval cycle was significantly lower with IVM than IVF (22.20% vs. 47.95%; P < 0.001). CLBR/embryo transfer cycles was also lower with IVM (31.43% vs. 50.19%; P < 0.001). Implantation was lower in the IVM group after fresh transfer (22.94% vs. 29.45%; P = 0.005) but higher after frozen embryo transfer (43.86% vs. 32.62%; P = 0.007). Live birth after the first fresh transfer was lower with IVM (25.96% vs. 33.20%; P = 0.029), whereas after the first frozen transfer, live birth was comparable (33.33% vs. 36.61%; P = 0.486). No severe OHSS occurred in the IVM group, compared to 0.98% in IVF cycles. In women with AFC ≥ 24, live birth after the first frozen transfer was similar between groups (OR 0.99, 95% CI 0.57–1.72). Obstetric and neonatal outcomes were broadly comparable. CONCLUSIONS: Unstimulated IVM in PCOS women yielded a lower 36-month CLBR compared to IVF, primarily due to lower embryo yield. IVM eliminated OHSS and achieved comparable live birth rates following the FET, particularly in women with high AFC. These findings advocate for a ‘freeze-all’ IVM strategy to optimize both safety and reproductive outcomes in this high-risk population. CLINICAL TRIAL NUMBER: Not applicable."
indications,2026,In vitro maturation for infertility in polyendocrine metabolic ovarian syndrome: a systematic review of treatment protocols and outcomes.,"Vuong LN, Pham TD, Le HL, Ho TM.",Fertility and sterility,10.1016/j.fertnstert.2026.07.032,42586493,,0,no,Review; Journal Article,https://doi.org/10.1016/j.fertnstert.2026.07.032,"In vitro maturation (IVM) involves the retrieval of immature oocytes from unstimulated or minimally primed antral follicles, with maturation completed in culture. Women with polyendocrine metabolic ovarian syndrome (PMOS), the condition previously known as polycystic ovary syndrome, are the prototypical candidates for oocyte IVM because it largely avoids ovarian hyperstimulation syndrome (OHSS). Several IVM protocols are in clinical use, differing in priming (human chorionic gonadotropin [hCG], follicle-stimulating hormone [FSH], or none) and culture system (standard vs. biphasic capacitation [CAPA-IVM]). We systematically reviewed published data relating to the use of the above IVM protocols in women with PMOS that were identified by literature searching (MEDLINE, Embase, Web of Science, Cochrane). All IVM protocols essentially eliminated OHSS. Oocyte maturation, number of usable embryos, and the live birth rate varied by priming strategy, culture system, and embryo transfer policy. Maturation rates were approximately 50% with standard IVM and 60%-70% with the hCG-primed or biphasic protocols, and live birth rate after a single retrieval was approximately 20%-48%. The CAPA-IVM protocol was associated with the highest maturation and embryo yield, and a randomized trial reported that a fully hormone-free CAPA-IVM protocol is feasible. Obstetric, neonatal, epigenetic, and child-neurodevelopmental outcomes, now reported up to age 5-7 years, are reassuring. Clinical and methodological heterogeneity precluded statistical pooling of data, and the evidence remains dominated by single-center cohorts, with few randomized trials. This article summarizes protocol-specific outcomes, identifies determinants of success, and defines priorities for standardizing IVM and generating higher-quality evidence for the use of IVM in PMOS."
indications,2026,Epigenetic safety of in vitro maturation in PCOS: genome-wide DNA methylation profiling of cord blood from a randomized controlled trial.,"Guo W, Yang Y, Qin M, Kong S, Wang L, Zheng X, Yang R, Yang S, Zhen X, Zhu X, Li R, Yan L, Qiao J, Yan Z.",Journal of ovarian research,10.1186/s13048-026-02179-7,42365361,PMC13576222,0,yes,research-article; Randomized Controlled Trial; Journal Article,https://doi.org/10.1186/s13048-026-02179-7,"Background In vitro maturation (IVM) provides a safer alternative to conventional in vitro fertilization (IVF) for women with polycystic ovary syndrome (PCOS) by mitigating the risk of ovarian hyperstimulation. However, concerns persist regarding whether IVM perturbs epigenetic reprogramming in the offspring. Current evidence is constrained by candidate-gene approaches or a lack of parental controls. This study aimed to evaluate the genome-wide DNA methylation safety of IVM compared with conventional IVF using a rigorous trio-based design. Methods This secondary epigenetic analysis was nested within a randomized controlled trial (RCT) (ClinicalTrials.gov: NCT03463772). We included 10 nuclear families (trios), comprising five IVM-conceived and five IVF-conceived singleton offspring alongside their biological parents. Both groups utilized a uniform freeze-only single-blastocyst transfer strategy to minimize hormonal confounding. Genomic DNA from umbilical cord blood (UCB) and parental peripheral blood was analyzed using reduced representation bisulfite sequencing (RRBS). Genome-wide methylation patterns and differentially methylated regions (DMRs) were subsequently compared between the groups. Results Clinical characteristics were comparable between the IVM and IVF groups. Genome-wide analyses demonstrated high concordance in UCB methylation patterns, revealing no significant differences in global CpG methylation levels or distributions across key genomic features (promoters, CpG islands, and gene bodies). Only three rare DMRs were identified in UCB (representing ~ 0.0001% of the genome), none of which mapped to imprinted or developmentally critical loci. Furthermore, methylation variability remained consistent between the groups. Conclusions Our findings provide robust mechanistic evidence supporting the epigenetic safety of IVM. The remarkable stability of the neonatal methylome confirms that specific IVM conditions do not compromise early developmental programming, thereby endorsing IVM as a safe and viable alternative for women with PCOS. Trial registration ClinicalTrials.gov registry, NCT03463772. Registered on March 13, 2018."
indications,2026,Biopsychosocial outcomes and quality of life in assisted reproduction: Conventional IVF versus in vitro maturation in women with PMOS.,"Sanmartín-Cuevas V, Mostinckx L, García-Baquero G, Agirregoitia E, De Vos M, Agirregoitia N.",Journal of psychosomatic research,10.1016/j.jpsychores.2026.112917,42418972,,0,no,Comparative Study; Journal Article,https://doi.org/10.1016/j.jpsychores.2026.112917,"Background Polyendocrine Metabolic Ovarian Syndrome (PMOS), formerly known as Polycystic Ovary Syndrome (PCOS) is the leading cause of anovulatory infertility worldwide and is associated with vulnerability to ovarian hyperstimulation syndrome (OHSS) under conventional stimulation. Women with PMOS frequently undergo in vitro fertilization (IVF), which involves intensive hormonal stimulation, or in vitro maturation (IVM), a minimal-stimulation alternative that eliminates OHSS risk. Despite their different burden profiles, comparative data on patient-centred outcomes between these protocols are scarce. Methods A prospective, non-randomised clinical trial with two active treatment arms compared the biopsychosocial impact of IVF and IVM in 149 women with PMOS (IVF: n = 74; IVM: n = 75). Treatment was selected through shared decision-making, a process in which patients and clinicians jointly chose the protocol based on clinical profile and informed preferences. Anxiety and depression (Hospital Anxiety and Depression Scale) and fertility-related quality of life (FertiQoL) were assessed at baseline (T1), oocyte retrieval (T2), and end of cycle (T3). Physical symptoms were recorded at T2 and T3. Propensity score matching was applied to balance baseline characteristics. Results No significant between-group differences were observed in anxiety, depression, or total quality of life. Women undergoing IVF reported significantly more adverse physical symptoms, more post-retrieval pain, lower couple relationship quality (FertiQoL Relational), and a trend toward lower treatment tolerability. Conclusions These findings suggest that differences between IVF and IVM in women with PMOS may emerge primarily in specific physical and relational dimensions of treatment burden, while broader psychological outcomes appear largely comparable across treatments."
indications,2026,The use of ex-vivo in-vitro maturation of ovarian tissues oocytes (OTO-IVM) for fertility preservation in gynaecologic cancers.,"Goh CSY, Lim CJW, Ng QJ, Lee SH, Chin FHX, Lim YH, Phoon JWL, Sim YJ, Lee JM, Durgahshree M, Hou MCL, Chong YS, Ee TX.",Gynecologic oncology reports,10.1016/j.gore.2026.102195,42699669,PMC13544095,0,yes,Journal Article; Case Reports; case-report,https://doi.org/10.1016/j.gore.2026.102195,"Background Fertility preservation in ovarian tumours or advanced gynaecologic malignancies is often challenging. Traditional fertility preservation techniques, such as ovarian tissue cryopreservation or oocyte retrieval, may not always be suitable, especially in cases where immediate cancer treatment is necessary or where hormonal stimulation is contraindicated. Ex-vivo in-vitro maturation of ovarian tissue oocytes (OTO-IVM) offers a promising alternative in these women by enabling the retrieval and maturation of immature oocytes outside the body from the oophorectomy tissue specimen. Method We present a case series of four women with gynaecologic malignancies who underwent ex-vivo oocyte retrieval and in-vitro maturation at the time of their oncologic surgeries. Conclusion Evidence supporting live births following OTO-IVM remains limited, and as such, the technique is currently regarded as experimental. Nevertheless, for selected women in whom conventional fertility preservation is not feasible, OTO-IVM may provide the only opportunity for fertility preservation and warrants consideration."
indications,2026,In vitro maturation 2.0: a new era for an underdog in ART.,"Kulmann MIR, Andrade GM, Bos-Mikich A, Oliveira NP, Ferreira M, Frantz N.",JBRA assisted reproduction,10.5935/1518-0557.20250177,41757835,PMC13318288,0,yes,review-article; Review; Journal Article,https://doi.org/10.5935/1518-0557.20250177,"In vitro maturation (IVM) of human oocytes, once a pioneering concept predating conventional IVF, has long remained an underutilized technique in assisted reproduction. Despite early promise, clinical adoption of IVM has been limited due to lower embryo developmental competence and live birth rates compared to IVF. However, recent advances in the understanding of oocyte physiology, including cumulus-oocyte communication, the regulatory roles of cAMP/cGMP signaling pathways, and endocrine modulation of meiotic resumption, have reignited interest in optimizing IVM protocols. Innovations such as biphasic Capacitation (CAPA) IVM systems and the use of ovarian somatic support cells (OSCs) derived from induced pluripotent stem cells (iPSCs) aim to replicate the dynamic follicular environment more accurately and enhance oocyte competence. Clinical studies suggest that, while IVM still results in modestly lower cumulative live birth rates compared to conventional IVF, it offers significant advantages for selected patient populations, particularly women with polycystic ovary syndrome (PCOS), high ovarian reserve, or those requiring fertility preservation. Importantly, current evidence supports the genetic and epigenetic safety of IVM-derived offspring. As technical refinements continue and professional education expands, IVM is poised to fulfill its potential as a safer, less invasive, and more accessible alternative within the landscape of assisted reproductive technologies."
indications,2025,Advances in human oocyte in vitro maturation: current status and future perspectives: a narrative review.,"Liu M, Cui J, Chang HM, Liu J, Leung PCK.",Reproduction & fertility,10.1530/raf-25-0092,41059757,PMC12579509,2,yes,"Research Support, Non-U.S. Gov't; review-article; Review; Journal Article",https://doi.org/10.1530/raf-25-0092,"Oocyte in vitro maturation (IVM) is an evolving component of assisted reproductive technology (ART) that offers a less invasive and cost-effective alternative to conventional controlled ovarian stimulation. It is particularly beneficial for patients at risk of ovarian hyperstimulation syndrome (OHSS), those with polycystic ovary syndrome (PCOS), and individuals requiring urgent fertility preservation. Despite these advantages, clinical uptake has remained limited owing to concerns about the developmental competence and quality of IVM-derived oocytes. To address this, we conducted a comprehensive literature search of PubMed, Embase, and Web of Science for articles published between January 2000 and June 2025, using combinations of keywords related to IVM, oocyte maturation, culture protocols, oocyte quality, and clinical outcomes. Recent progress in the field has led to the development of biphasic culture systems, pre-IVM priming strategies, and the incorporation of regulatory factors such as C-type natriuretic peptide (CNP) and oocyte-secreted factors, all of which have contributed to improved oocyte maturation and embryo development. Nonetheless, variability in outcomes persists due to differences in patient selection, stimulation protocols, and laboratory practice. Continued optimisation of IVM culture systems and a deeper understanding of oocyte maturation mechanisms will be essential for enhancing clinical efficacy. Future research should prioritise standardisation, patient-tailored protocols, and systematic long-term outcome data to support wider adoption of IVM. This review provides a comprehensive overview of recent advances and ongoing challenges in human oocyte IVM, offering perspectives on future directions for clinical translation and improved ART outcomes. Lay summary IVM is a fertility treatment that allows immature eggs to mature in the laboratory rather than within the body. This approach can be safer, simpler, and more affordable than traditional IVF, especially for women with polycystic ovary syndrome (PCOS), those at risk of ovarian hyperstimulation, or those who need to preserve their fertility quickly, such as cancer patients. Although IVM holds great promise, it is not yet widely used because its success rates are not as high as those of conventional methods. This review looks at the latest scientific progress to improve IVM, including better laboratory techniques, the use of natural hormones and growth factors, and new ways to support egg development outside the body. These advancements have helped improve the quality of eggs and embryos, but challenges remain. Differences in patient types, medications used, and lab practices can affect how well IVM works. More research is needed to make IVM more consistent and effective so it can become a routine fertility option for a broader population."
indications,2025,"Advances, Mechanisms, and Clinical Perspectives for the In Vitro Maturation of Human Oocytes.","Gargallo-Alonso M, Picton HM, Malo C.",International journal of molecular sciences,10.3390/ijms27010005,41515886,PMC12785462,1,yes,review-article; Review; Journal Article,https://doi.org/10.3390/ijms27010005,"The in vitro maturation (IVM) of human oocytes represents a valuable assisted reproductive technology that bypasses the need for full ovarian stimulation, offering safer alternatives for patients with polycystic ovary syndrome (PCOS), resistant ovary syndrome, or those requiring fertility preservation before oncological treatment. Despite its potential, IVM efficiency remains lower than that of conventional in vitro fertilization (IVF) due to incomplete understanding of the molecular and metabolic mechanisms underpinning oocyte maturation. This review summarizes recent advances in IVM, including biphasic or simulated physiological oocyte maturation (SPOM) systems, optimization of culture media through hormones, growth factors, and antioxidants, and the influence of cumulus-oocyte communication on developmental competence. We also discuss the biochemical regulation of meiosis, metabolic interactions, and gene expression patterns associated with oocyte quality. Furthermore, we examine the translational and clinical applications of IVM in human fertility treatment, highlighting its efficacy in PCOS and oncofertility cases, and the limitations that persist in replicating in vivo conditions. Emerging technologies such as microfluidic and three-dimensional culture systems show promise in enhancing oocyte competence and embryo yield. Continued research into the molecular mechanisms governing oocyte maturation will be key to improving IVM outcomes and integrating this approach as a mainstream option in reproductive medicine."
indications,2026,Ovarian tissue oocyte-in vitro maturation combined with ovarian tissue cryopreservation: a promising urgent fertility preservation strategy for hematological patients before HSCT.,"Ding Y, Su T, Wan Y, Hou Y, Fan Y, Fang F, Zuo P, Li X, Duan S, Huang N, Wang J, Xu L, Liang R, Tian L.",Journal of ovarian research,10.1186/s13048-026-02136-4,42152124,PMC13352784,0,yes,research-article; Journal Article,https://doi.org/10.1186/s13048-026-02136-4,"Background Hematological diseases to be treated with HSCT are a definite indication for fertility preservation (FP). Ovarian tissue oocyte in vitro maturation (OTO-IVM) combined with ovarian tissue cryopreservation (OTC) may be a promising and urgent FP strategy for this population. This study aims to evaluate the efficacy of OTO-IVM for this population and identify which hematological diseases are more likely to benefit from OTO-IVM. Methods This study included 44 hematological patients before HSCT who underwent the OTO-IVM combined with OTC for urgent FP. Patients were divided into the malignant hematological disease (MHD) and non-MHD groups and the OTO-IVM outcomes were retrospectively analysed. Donated ovarian tissues from MHD, non-MHD and control group were subjected to further molecular and pathological study. Results Patients with non-MHD exhibited significantly higher serum anti-Müllerian hormone (AMH) levels (4.36 ± 3.14 vs. 2.08 ± 1.57, p = 0.017) and a greater number of retrieved immature oocytes (10.58 ± 7.54 vs. 4.85 ± 3.26, p = 0.012) than those with MHD. Although the maturation rate showed a non-significant decreasing trend in the non-MHD group (35.80 ± 28.12 vs. 49.83 ± 33.96, p = 0.163), multivariable analysis demonstrated that non-MHD was associated with a lower per-patient IVM rate. The final number of MII oocytes did not differ significantly between groups (3.58 ± 4.07 vs. 2.23 ± 2.01, p = 0.264). Notably, increased apoptosis of ovarian stromal cells may contribute to impaired oocyte maturation competence in patients with aplastic anemia (AA). Consistently, AA ovarian tissues displayed activation of apoptotic signalling pathways and dysregulated T cell activation-associated gene expression compared with MHD and impaired oocyte development and maturation compared with control group. Conclusions OTO-IVM combined with OTC appears feasible for urgent fertility preservation in hematological patients prior to HSCT. Our exploratory findings suggest that ovarian stromal cell apoptosis may contribute to reduced oocyte maturation competence in AA, which warrants further validation and optimization of maturation rates."
indications,2026,Impact of anti-Müllerian hormone on pregnancy outcomes in in vitro maturation: a retrospective cohort study.,"Fan M, Tu B, Shi J, Qi L, Han D, Liu Q, Zhang J, Zhao J, Li R, Qiao J.",Journal of ovarian research,10.1186/s13048-026-02033-w,41742290,PMC13041493,0,yes,research-article; Journal Article,https://doi.org/10.1186/s13048-026-02033-w,"BACKGROUND: In vitro maturation (IVM) presents a potential alternative to conventional IVF for special subgroups of infertile couples. Anti-Müllerian Hormone (AMH) is widely regarded as the most robust biomarker for assessing ovarian reserve. However, the relationship between AMH and subsequent pregnancy success rates following IVM remains poorly characterized. DESIGN: This was a retrospective cohort study. Infertile patients undergoing IVM treatment at Peking University Third Hospital Reproductive Medicine Center between January 2016 and June 2024. Participants were stratified by AMH (ng/ml) quartiles: Group A (1 17.53, n = 96). The primary outcome was cumulative live birth rate. RESULTS: While baseline characteristics (age, BMI, infertility duration/type, FSH) were comparable across groups, Group D demonstrated significantly higher immature oocyte yield (P 17.53ng/ml) may be related to reduced clinical pregnancy rate compared to low AMH levels (OR = 0.281, 95% CI: 0.108–0.728, P = 0.009). No significant differences emerged between fresh versus frozen-thawed transfers. CONCLUSION: Elevated AMH levels (> 17.53ng/ml) predict enhanced follicular recruitment but paradoxically associate with diminished reproductive success compared to moderate AMH levels (1 < AMH ≤ 7.77 ng/ml) in IVM cycles."
indications,2025,Comparative Analysis of Rescue-In Vitro-Maturation (r-IVM) Outcomes in Women with Diminished Ovarian Reserve (DOR) Versus Normal Ovarian Reserve (NOR).,"Ahmad MF, Mohd Nor NY, Mohammad Ramadneh MM, Roseli NI, Elias MH, Mat Jin N, Abu MA, Syafruddin SE, Zainuddin AA, Azhar SS, Suzuki N, Abdul Karim AK.",Biomedicines,10.3390/biomedicines13051084,40426912,PMC12108769,5,yes,research-article; Journal Article,https://doi.org/10.3390/biomedicines13051084,"Background/Objectives: Diminished ovarian reserve (DOR) poses significant challenges in the reproductive field, resulting in fewer mature and more low-quality eggs. Methods: We studied r-IVM in addition to standard in vitro fertilization (IVF) and compared the embryological outcomes between both DOR and NOR women. Results: We recruited 90 women (45 NOR; 45 DOR) with a younger age seen in NOR (35.2 vs. 36.5 years old) women. Otherwise, DOR women had lower levels of AMH and AFC, thus fewer retrieved follicles and collected oocytes. Most of the group presented with primary subfertility, with 55.6% in the NOR group diagnosed with polycystic ovary syndrome (PCOS), while 37.8% in the DOR group presented with aging and cancer survivorship issues. Most women in the NOR group used hCG as a trigger (82.2%), while 17.8% of the DOR group opted for a decapeptide. A total of 719 oocytes were retrieved, with 72.3% of eggs being mature in the NOR group compared to 64.9% in the DOR group. Following r-IVM, 47.69% of NOR eggs were matured compared to 60% in DOR eggs. The fertilization rates (FRs) following r-IVM were higher in the DOR group (66.7% vs. 37.8%). Overall, higher numbers and quality of D3 embryos were seen in the DOR group. Our analysis revealed that the trigger type, hCG, was the only significant factor linked to successful oocyte maturation rates. Conclusions: Our study suggests that r-IVM may enhance outcomes for women with DOR, including better egg maturity, FR, and embryo quality than NOR women."
indications,2025,Optimizing Oocyte Quality in Polycystic Ovary Syndrome (PCOS): The Impact of Neurotrophin-4 in &lt;i&gt;In Vitro&lt;/i&gt; Maturation Protocols.,"Kalaskar G, More A, Choudhary N, Padwal LP, Shah D, Barai J, Chaudhary A.",Journal of pharmacy & bioallied sciences,10.4103/jpbs.jpbs_207_25,40510954,PMC12156775,0,yes,Journal Article; Case Reports; case-report,https://doi.org/10.4103/jpbs.jpbs_207_25,"A 28-year-old female with polycystic ovary syndrome (PCOS) and a history of primary infertility for eight years underwent in vitro maturation (IVM) at Wardha. The patient's clinical profile revealed elevated levels of anti-Müllerian hormone (AMH) levels, a high luteinizing hormone/follicle-stimulating hormone (LH/FSH) ratio, and ultrasound findings consistent with PCOS. After mild ovarian stimulation, 12 immature oocytes were retrieved and cultured in Neurotrophin-4 (NT-4) enriched IVM medium. A total of eight oocytes matured to the metaphase II stage, with seven achieving fertilization via intracytoplasmic sperm injection (ICSI). Out of the fertilized oocytes, five developed into high-quality blastocysts. The patient received an optimized endometrial preparation protocol, including metformin, estradiol, cabergoline, and L-arginine supplementation. Following frozen embryo transfer, pregnancy was confirmed by positive beta-human chorionic gonadotropin ( β -hCG) levels and ultrasound. This study highlights IVM's potential to mitigate ovarian hyperstimulation syndrome (OHSS) risks while achieving high success rates in PCOS patients. The inclusion of NT-4 in maturation media significantly improved oocyte quality, fertilization rates, and blastocyst development. These findings underscore IVM as a promising assisted reproductive technology (ART) approach, offering enhanced safety and efficacy for fertility treatment in PCOS patients."
protocols,2026,Capacitation In Vitro Maturation (CAPA-IVM) of Human Oocytes.,"Vuong LN, Le AH, Ho TM, Gilchrist RB.","Methods in molecular biology (Clifton, N.J.)",10.1007/978-1-0716-5292-3_2,42681375,,0,no,Journal Article,https://doi.org/10.1007/978-1-0716-5292-3_2,"Oocyte in vitro maturation (IVM) is a patient-friendly technique that generates mature oocytes in vitro from patients who receive minimal or no gonadotrophin stimulation. Although it was discovered a long time ago, the clinical application of IVM has been constrained by its lower success rates compared with conventional IVF, principally due to suboptimal oocyte competency. Recent advancements in the culture system for immature oocytes have significantly enhanced both maturation efficiency and embryo quality. Consequently, this technique is experiencing a resurgence in interest among clinicians and embryologists globally. This chapter details the laboratory protocols employed in a novel form of IVM, called capacitation (CAPA) IVM."
protocols,2026,Use of low versus high oxygen tension during pre-maturation only in capacitation in vitro maturation (CAPA-IVM): impact on oocyte maturation and metabolism.,"Huynh KT, Nguyen DTP, Le AH, Khong NTM, Pham TD, Nguyen DTN, Nguyen MHN, Le HL, Le TK, Huynh BG, Truong NH, Anckaert E, Smitz JEJ, Gilchrist RB, Ho TM, Akin N, Vuong LN.",Journal of assisted reproduction and genetics,10.1007/s10815-026-03885-3,42060236,,0,no,Journal Article,https://doi.org/10.1007/s10815-026-03885-3,"Purpose To determine the impact of low versus atmospheric oxygen tension during only the pre-maturation phase of biphasic capacitation in vitro maturation. Methods The study involved sibling oocytes (532 cumulus-oocyte complexes [COCs] from 20 participants [mean age 29.5 ± 2.5 years]) with polycystic ovary syndrome undergoing CAPA-IVM without gonadotrophins. After oocyte pick-up (OPU), COCs were randomized to undergo pre-maturation under low or atmospheric oxygen, then IVM culture at 20% oxygen. The primary outcome was the oocyte maturation rate. Secondary outcomes included rates of fertilization, blastulation, and good-quality blastocysts. Cumulus cell gene expression was also determined, and glucose and lactate concentrations in spent culture media were analyzed. Results Oocyte maturation rates per COC (59.8% vs. 56.1%; p = 0.47) and per patient (61% vs. 55%; p = 0.34) were comparable between the atmospheric vs. low oxygen groups. Fertilization rates were significantly higher in the atmospheric versus low oxygen group; all other embryology outcomes were similar between groups. Significantly different cumulus cell gene expression was seen for LDHA (glucose metabolism; lower in the low oxygen group), CPT1A (lipid shuttle; higher in the low oxygen group), and NDRG1 (hypoxia response; lower in the low oxygen group). Glucose consumption and lactate production were comparable between groups during pre-maturation, but lower in the low oxygen group during IVM. Conclusions Overall, although low oxygen tension during CAPA-IVM pre-maturation reduces the number of fertilized oocytes, it does not compromise fertilized oocyte quality or embryological outcomes."
protocols,2026,How to collect immature oocytes from small antral follicles for the Saigon biphasic in vitro maturation protocol.,"Vuong LN, Le HL, Le AH, Le TK, Tran VTT, Nguyen DTP, Dang AH, Nguyen HK, Smitz JEJ, Ho TM.",F&S reports,10.1016/j.xfre.2026.03.005,42325719,PMC13282502,0,yes,other; Journal Article,https://doi.org/10.1016/j.xfre.2026.03.005,"Objective To provide a detailed description of the clinical procedure for aspirating small antral follicles (2.0-8.0 mm) as part of the Saigon biphasic in vitro maturation (IVM) protocol. This includes indications for the procedure, patient and equipment preparation, the aspiration process, laboratory techniques for identifying cumulus-oocyte complexes (COCs), and the timing for embryo transfer. Design This instructional video presents real-time footage of clinical procedures and embryology practices. It offers step-by-step guidance and practical recommendations for conducting a gonadotropin-free biphasic IVM cycle, also known as capacitation-IVM (CAPA-IVM). Subjects Patients undergoing IVM treatment. All individuals featured in the video have provided informed consent for its publication and online distribution, including on social media, journal websites, scientific platforms, and other relevant platforms. Exposure The video includes an introduction and patient consent process; indications for IVM; timing of oocyte aspiration, patient and equipment preparation, including types of aspiration needles; potential technical and clinical complications; timing for fresh embryo transfer; visual demonstration of the aspiration procedure, including ultrasound guidance, needle pressure, flushing, and aspiration technique; and laboratory demonstration of oocyte search and IVM preparation, including filtration of follicular aspirate and identification/classification of compact COCs. Main outcome measures Clinical techniques for immature oocyte retrieval and compact COCs identification for the gonadotropin-free CAPA-IVM protocol. Results Numerous viable COCs can be retrieved successfully using the oocyte retrieval techniques outlined for gonadotropin-free CAPA-IVM. The video demonstrates an efficient and flexible approach to identifying compact COCs, adaptable to various clinical conditions. Embryo transfer subsequently may be performed as either a fresh or frozen cycle, depending on the patient's choice. Conclusion (s): In vitro maturation is a safe and effective treatment option for eligible patients, particularly those with high ovarian reserve or polycystic ovary syndrome. This technique enables the retrieval of multiple immature COCs without ovarian stimulation. The procedures outlined may differ from those used in other centers, offering a standardized approach for collecting COCs from small follicles for IVF and gamete banking. The Saigon protocol, which combines gonadotropin-free CAPA-IVM with fresh embryo transfer, underscores the clinical potential of IVM as a practical alternative to conventional stimulation protocols."
protocols,2025,Impact of low versus high oxygen tension on human oocyte maturation during biphasic capacitation IVM (CAPA-IVM).,"Pham HH, Tran VQ, Le AH, Nguyen DL, Pham TD, Vu AL, Le TK, Le HL, Huynh BG, Ho TM, Vuong LN.",Journal of assisted reproduction and genetics,10.1007/s10815-025-03459-9,40156760,PMC12229419,8,no,research-article; Journal Article,https://doi.org/10.1007/s10815-025-03459-9,"Purpose This study investigated the impact of low versus high oxygen tension on the oocyte maturation rate in biphasic CAPA-IVM. Methods A sibling oocyte pilot study of cumulus-oocyte complexes (COCs) from participants with polycystic ovary syndrome was performed at an academic IVF center in Vietnam from November 2023 to May 2024. At collection, COCs were allocated to undergo CAPA-IVM culture with low oxygen tension (5%) or high oxygen tension (20%). Culture of COCs took place in two benchtop incubators, each equipped with commercial mix-gas bottles to establish the respective oxygen conditions. The primary outcome was the oocyte maturation rate. Secondary outcomes were rates of two-pronuclei fertilization, day-3 embryos, blastocyst formation, and good-quality embryos. Results A total of 554 COCs from 20 participants were assigned to the low oxygen (276 COCs) or high oxygen (278 COCs) tension groups. The oocyte maturation rate was significantly lower in the low oxygen tension versus high oxygen tension group (53.6% vs. 65.8%, risk ratio 0.81, 95% confidence interval 0.71-0.94; p=0.004). The two-pronuclei fertilization rate was significantly lower in the low oxygen tension versus high oxygen tension group (61.5% vs. 72.7%, p=0.03). Numbers of day-3 embryos, blastocysts, and good-quality blastocysts were slightly, but not significantly, lower in the low oxygen tension group compared with the high oxygen tension group. Conclusions Low oxygen tension of 5% during both steps of biphasic CAPA-IVM reduced the number of matured oocytes and 2-pronuclei fertilized oocytes compared with the use of high oxygen tension (20%) during CAPA-IVM."
protocols,2026,In vitro maturation for infertility in polyendocrine metabolic ovarian syndrome: a systematic review of treatment protocols and outcomes.,"Vuong LN, Pham TD, Le HL, Ho TM.",Fertility and sterility,10.1016/j.fertnstert.2026.07.032,42586493,,0,no,Review; Journal Article,https://doi.org/10.1016/j.fertnstert.2026.07.032,"In vitro maturation (IVM) involves the retrieval of immature oocytes from unstimulated or minimally primed antral follicles, with maturation completed in culture. Women with polyendocrine metabolic ovarian syndrome (PMOS), the condition previously known as polycystic ovary syndrome, are the prototypical candidates for oocyte IVM because it largely avoids ovarian hyperstimulation syndrome (OHSS). Several IVM protocols are in clinical use, differing in priming (human chorionic gonadotropin [hCG], follicle-stimulating hormone [FSH], or none) and culture system (standard vs. biphasic capacitation [CAPA-IVM]). We systematically reviewed published data relating to the use of the above IVM protocols in women with PMOS that were identified by literature searching (MEDLINE, Embase, Web of Science, Cochrane). All IVM protocols essentially eliminated OHSS. Oocyte maturation, number of usable embryos, and the live birth rate varied by priming strategy, culture system, and embryo transfer policy. Maturation rates were approximately 50% with standard IVM and 60%-70% with the hCG-primed or biphasic protocols, and live birth rate after a single retrieval was approximately 20%-48%. The CAPA-IVM protocol was associated with the highest maturation and embryo yield, and a randomized trial reported that a fully hormone-free CAPA-IVM protocol is feasible. Obstetric, neonatal, epigenetic, and child-neurodevelopmental outcomes, now reported up to age 5-7 years, are reassuring. Clinical and methodological heterogeneity precluded statistical pooling of data, and the evidence remains dominated by single-center cohorts, with few randomized trials. This article summarizes protocol-specific outcomes, identifies determinants of success, and defines priorities for standardizing IVM and generating higher-quality evidence for the use of IVM in PMOS."
protocols,2026,A proteomic signature of oocyte quality from models of varying oocyte developmental competence.,"Frost ER, Richani D, Poljak A, Vuyyuru A, Liao X, Georgiou E, Gunasekara JMB, Mihalas BP, Sucquart IE, Kadam K, Wu LE, Gilchrist RB.","Human reproduction (Oxford, England)",10.1093/humrep/deag134,42625370,PMC13635460,0,yes,research-article; Journal Article,https://doi.org/10.1093/humrep/deag134,"Study question Which proteins underpin oocyte developmental competence, as modelled by oocytes of variable competence matured in vivo or matured in vitro under different conditions (capacitation in vitro maturation (CAPA-IVM) or standard IVM)? Summary answer Significant differences in the global proteome were observed in both oocytes and their corresponding cumulus cells depending on the mode of oocyte maturation, with key variations in eukaryotic translation, autophagy, and endocytosis pathways within oocytes, and changes in reactive oxygen species detoxification and serine biosynthesis in cumulus cells. What is known already Within the ovarian follicle, mammalian oocytes must acquire the necessary molecular machinery to support successful fertilization and embryonic development. Close contact with the surrounding cumulus cells ensures coordinated nuclear and cytoplasmic maturation of the oocyte, along with the accumulation of proteins stored within the oocyte in cytoplasmic lattices and endo-lysosomal vesicular assemblies. Study design, size, duration This basic science study utilized a mouse model to assess proteomic changes across three oocyte competence models. Key proteins identified in mouse oocytes were also assessed in discarded immature human germinal vesicle (GV) oocytes and MII oocytes following rescue-IVM. Three oocyte maturation methods were tested: (i) in vivo maturation, (ii) CAPA-IVM, and (iii) standard IVM. In vivo maturation served as a positive control group, whereby metaphase II (MII) mature oocytes were collected from mice stimulated with pregnant mare serum gonadotropin (PMSG) and triggered with hCG, simulating full ovarian stimulation. For the IVM groups, immature cumulus-oocyte complexes (COCs) were collected from mildly stimulated (23 h PMSG) mice. For the standard IVM group, immature COCs were matured in media containing amphiregulin and epiregulin for 18 h. For the CAPA group, COCs were held for 24 h in pre-IVM conditions in the presence of c-type natriuretic peptide (CNP), oestradiol, insulin, and FSH, and then matured via IVM in media containing FSH, amphiregulin, and epiregulin. Four biological replicates were performed for mouse proteomics experiments; three biological replicates were performed for mouse immunocytochemistry experiments; and six replicates were performed for embryology experiments. Participants/materials, settings, methods Four- to six-week-old C57BL/6JAusb mice were used for all mouse experiments. Embryology outcomes were used to confirm the variation in oocyte developmental competence between the three maturation groups. For the in vivo, CAPA and IVM groups, mature MII COCs were collected and separated into oocytes and cumulus cells. Oocytes and cumulus cells were subjected to mass spectrometry and bioinformatic analysis was performed using Proteome Discoverer and Ingenuity Pathway Analysis, with data validated by immunofluorescence. To assess conservation of proteins in human oocytes, 49 oocytes were collected from 36 patients following ART cycles and subject to immunofluorescence. Rescue-IVM was also performed with half of the human oocyte cohort to obtain MII oocytes. Main results and the role of chance Proteomic profiling (at least two peptides per protein) identified around 1600 proteins in mouse oocytes and 3100 proteins in mouse cumulus cells across all three treatment groups. Differential expression analysis and pattern analysis collectively revealed a signature of proteins that were consistently differentially expressed between in vivo and in vitro oocyte maturation systems (log2FC of ± 1 and a P-value ≤ 0.05). These subsets of proteins were mapped to biological processes including eukaryotic translation, autophagy, and endocytosis pathways within oocytes. Orthogonal validation of clathrin, ribosomal protein L24, and eukaryotic initiation factor 2A supported the proteomic findings, and their expression was conserved in human GV and MII oocytes. Changes in reactive oxygen species detoxification and serine biosynthesis were observed in mouse cumulus cells, with fluorescence intensity changes in ferredoxin-1 and phosphoglycerate dehydrogenase supporting the dysregulation of cumulus cell processes during IVM. Large scale data The mass spectrometry data are available via ProteomeXchange with identifier PXD073269. Limitations, reasons for caution The foundational mechanisms of oocyte developmental competence remain elusive, particularly in humans where MII oocytes are heterogenous in quality within the same stimulation cycle and patient. Limitations in this study include the detection and proteome coverage of poorly expressed proteins, the inability to check molecular conservation in human CAPA-IVM and IVM oocytes, the use of fetuin in the mouse in vitro systems, and the potential source of keratin proteins in oocyte samples, and these factors must all be carefully considered. C57Bl6/J mice were used as the model species, allowing precise control over differing models of oocyte quality and capacity to analyse large numbers of oocytes. However, care is required when interpreting the significance of these findings in mice to mechanisms regulating human oocyte quality. Nonetheless, the in vivo stimulation and both IVM protocols used in this study are clinically relevant and developmentally matched. This study has also not addressed oocyte developmental competence in gonadotropin-free IVM oocytes, which is now a clinical reality. Wider implications of the findings This study adds to the wider literature indicating that oocytes matured in vitro, either through CAPA-IVM or IVM, are unable to achieve the developmental competence rates observed with in vivo stimulation. Through examination of the global proteome in oocytes, molecular pathways including eukaryotic translation, autophagy, and endocytosis were dysregulated in in vitro oocytes. Recent findings have revealed the critical role of these pathways to developmental competence in the context of in vivo development. In cumulus cells, changes in reactive oxygen species detoxification and serine biosynthesis were observed, adding to the extensive knowledge around metabolic activity in cumulus cells as a critical facet of oocyte quality. Combined, these data suggest that the necessary processes of protein storage and degradation in oocytes and metabolism in cumulus cells constitute important components of oocyte quality. These processes appear suboptimal in current IVM systems, providing a future research direction to optimize IVM protocols with consideration to these protein pathways. Funding This study was funded by a National Health and Medical Research Council Investigator Fellowship (APP1023210) awarded to R.B.G. and by a gift from Open Philanthropy. Disclosures R.B.G. is a consultant to Dioseve Inc. L.E.W. is a co-founder, shareholder, director, and advisor of Jumpstart Fertility Inc. L.E.W. is also an advisor and shareholder in EdenRoc Sciences, the parent company of Metro Biotech NSW and Metro Biotech, and in Life Biosciences LLC and its daughter companies. His UNSW Industry Scientia position is partly funded by Proto Axiom. All other authors have no competing interests to disclose."
protocols,2025,Biphasic CAPA-IVM Improves Equine Oocyte Quality and Subsequent Embryo Development Without Inducing Genetic Aberrations.,"Fakhar-I-Adil M, Angel-Velez D, Araftpoor E, Amin QA, Hedia M, Bühler M, Gevaert K, Menten B, Van Soom A, Chuva de Sousa Lopes SM, Stoop D, De Roo C, Smits K, Heindryckx B.",International journal of molecular sciences,10.3390/ijms26125495,40564960,PMC12192595,6,yes,research-article; Journal Article,https://doi.org/10.3390/ijms26125495,"In vitro maturation (IVM) of oocytes retrieved from ovum pick-up (OPU) or ovarian tissue (OT) is a standard approach for patients with specific conditions where prior hormonal stimulation is contraindicated. However, the developmental competence of oocytes matured in vitro is still inferior to that of oocytes matured in vivo. Capacitation IVM (CAPA-IVM) includes an extra step of pre-maturation culture (PMC) with c-type natriuretic peptide (CNP) as a meiotic arrestor to better synchronize cytoplasmic and nuclear maturity in oocytes by allowing the cytoplasm additional time to acquire essential components critical for optimal competency. This study aims to evaluate the effect of CAPA-IVM on equine oocyte quality and developmental competence. Immature cumulus-oocyte complexes (COCs) were retrieved from slaughterhouse ovaries and matured in vitro either in CAPA-IVM (short 6 h, long 24 h pre-maturation) or standard IVM. Mature oocytes from each group were analyzed for calcium-releasing potential ( n = 52) and single-oocyte proteomics ( n = 44), and embryo development ( n = 229) was assessed after fertilization with piezo-drilled intracytoplasmic sperm injection (ICSI). Genetic analysis of developed blastocysts ( n = 41) was performed to detect chromosomal aberrations. Our findings demonstrate that CAPA-IVM of equine COCs yields significantly higher maturation rates than controls. Moreover, short CAPA-IVM with six hours pre-maturation culture showed substantially higher embryo development potential than the control group (20/69 vs. 9/63, respectively). Genetic analysis revealed a high euploidy rate in equine blastocysts regardless of the maturation conditions. Live calcium imaging of the fertilized oocytes demonstrated that the majority of oocytes displayed non-continuous calcium oscillation patterns, irrespective of maturation conditions. Single-oocyte proteomics reveals a comparable proteomic landscape between mature oocytes subjected to short CAPA-IVM and standard IVM. However, we identified four enriched gene sets with positive enrichment scores after short CAPA-IVM, related to cytoskeleton regulation, ribosomal function, and cytosolic components. Our findings indicate that CAPA-IVM holds the potential to improve oocyte quality and competence in horses. However, further fine-tuning of culture conditions would benefit the effective use of these IVM systems. Moreover, given that the mare serves as an excellent model for human reproduction, the molecular trends identified in this study could provide valuable insights for advancing human artificial reproductive technologies."
protocols,2025,Biphasic CAPA-IVM Improves Equine Oocyte Quality and Subsequent Embryo Development Without Inducing Genetic Aberrations,"Fakhar-I-Adil M, Angel-Velez D, Araftpoor E, Amin QA, Hedia M, Bühler M, Gevaert K, Menten B, Van Soom A, Chuva de Sousa Lopes SM, Stoop D, De Roo C, Smits K, Heindryckx B.",,10.20944/preprints202505.1132.v1,,,0,no,Preprint,https://doi.org/10.20944/preprints202505.1132.v1,"In vitro maturation (IVM) of oocytes retrieved from ovum pick-up (OPU) or ovarian tissue (OT) is a standard approach for patients with specific conditions where prior hormonal stimulation is contraindicated. However, the developmental competence of oocytes matured in vitro is still inferior to that of oocytes matured in vivo. Capacitation-IVM (CAPA-IVM) includes an extra step of pre-maturation culture (PMC) with c-type natriuretic peptide (CNP) as a meiotic arrestor to better synchronize cytoplasmic and nuclear maturity in oocytes. This study aims to evaluate the effect of CAPA-IVM on equine oocyte quality and developmental competence. Immature cumulus-oocyte complexes (COCs) were retrieved from slaughterhouse ovaries and matured in vitro either in CAPA-IVM (short = 6h, long 24 h pre-maturation) or standard IVM. Mature oocytes from each group were analyzed for calcium-releasing potential and single-oocyte proteomics, and embryo development was assessed after fertilization with Piezo-drilled intracytoplasmic sperm injection (ICSI). Genetic analysis of developed blastocysts was performed to detect chromosomal aberrations. Our findings demonstrate that CAPA-IVM of equine COCs yields significantly higher maturation rates than controls. Moreover, short CAPA-IVM with six hours pre-maturation culture showed substantially higher embryo development potential than the control group. Genetic analysis revealed a high euploidy rate in equine blastocysts regardless of the maturation conditions. Live calcium imaging of the fertilized oocytes demonstrated that the majority of oocytes displayed non-continuous calcium oscillation patterns, irrespective of maturation conditions. Single oocyte proteomics reveals a comparable proteomic landscape between mature oocytes subjected to short CAPA-IVM and standard IVM. However, we identified four enriched gene sets with positive enrichment scores after short CAPA-IVM, related to cytoskeleton regulation, ribosomal function , and cytosolic components. Our findings indicate that CAPA-IVM holds the potential to improve oocyte quality and competence in horses. However, further fine-tuning of culture conditions would benefit the effective use of these IVM systems. Moreover, given that the mare serves as an excellent model for human reproduction, the molecular trends identified in this study could provide valuable insights for advancing human artificial reproductive technologies."
protocols,2026,The First Successful Capacitation In Vitro Maturation of Oocyte in Indonesia: A Promising Strategy to Enhance IVF Accessibility for Infertile Couples.,"Kan A, Handayani N, Sofyan Aziz A, Rahmawati P, Boediono A, Sini I.",Journal of reproduction & infertility,10.18502/jri.v27i1.22123,42632963,PMC13498705,0,yes,Journal Article; Case Reports; case-report,https://doi.org/10.18502/jri.v27i1.22123,"Background The identification of c-type natriuretic peptide (CNP) as a key upstream regulator of cyclic GMP (cGMP) levels has paved the way for innovative in vitro maturation (IVM) techniques, the so-called biphasic CAPA-IVM (capacitation IVM) approach. This method uses CNP to prevent early meiosis progression and has demonstrated enhanced oocyte maturation rates. This report highlights the successful use of the CAPA-IVM method in Indonesia. Case presentation Immature cumulus-oocyte complexes (COCs) were successfully retrieved from an infertile woman aged 37 years without prior ovarian stimulation. The obtained COCs were incubated in CAPA medium for 24 hr and then transferred to a maturation medium containing amphiregulin, insulin, human serum albumin, and recombinant FSH. After 30 hr , all immature oocytes reached the metaphase II (MII) stage, as evidenced by the first polar body extrusion and confirmed through spindle formation. Conclusion CAPA-IVM system enabled all retrieved immature oocytes to reach the MII stage without prior ovarian stimulation. This finding supports its feasibility as a simplified IVF approach with the potential to reduce treatment costs, particularly in resource-limited settings. However, further clinical evaluation is required to confirm its effectiveness."
protocols,2024,Effect of biphasic in vitro maturation (CAPA-IVM) on EGF receptor and embryo development of prepubertal goat oocytes according to follicle size.,"Ferrer-Roda M, Gil A, Paramio MT, Izquierdo D.",Animal biotechnology,10.1080/10495398.2024.2422316,39522054,PMC12674236,2,yes,research-article; Journal Article,https://doi.org/10.1080/10495398.2024.2422316,"Oocytes spontaneously resume meiosis following their liberation from follicles, preventing full competence acquisition. Biphasic IVM (CAPA-IVM) maintains oocytes in meiotic arrest to improve developmental competence, and it specially affects poorly developed oocytes. We assessed the effect of CAPA-IVM on oocytes from small ( 3mm) follicles of prepubertal goats. Oocytes were cultured for 6h in pre-IVM with C-type natriuretic peptide (CNP) and estradiol as meiotic inhibitors, and germinal vesicle (GV) rate and chromatin configuration were assessed. Then, oocytes were cultured in conventional IVM (c-IVM) or CAPA-IVM (pre-IVM + c-IVM) and EGF receptor (EGFR) protein expression, intra-oocyte ROS and blastocyst development were assessed. GV rate was higher in CNP groups than control (69% vs 28%, and 67% vs 31%, small and large follicles, respectively), but GV chromatin configuration was similar. In large follicles, EGFR expression was higher in oocytes and cumulus cells after CAPA-IVM, and ROS levels were lower. In small follicles these differences were not observed. c-IVM and CAPA-IVM produced similar blastocyst rates in small (3.7% vs 2.6%, respectively) and large follicles (8.3% vs 2.5%). Overall, CAPA-IVM enhanced EGFR expression for EGF peptide signalling and antioxidant capacity in oocytes from large follicles but oocytes from small follicles were too immature to benefit from it."
protocols,2026,In vitro maturation 2.0: a new era for an underdog in ART.,"Kulmann MIR, Andrade GM, Bos-Mikich A, Oliveira NP, Ferreira M, Frantz N.",JBRA assisted reproduction,10.5935/1518-0557.20250177,41757835,PMC13318288,0,yes,review-article; Review; Journal Article,https://doi.org/10.5935/1518-0557.20250177,"In vitro maturation (IVM) of human oocytes, once a pioneering concept predating conventional IVF, has long remained an underutilized technique in assisted reproduction. Despite early promise, clinical adoption of IVM has been limited due to lower embryo developmental competence and live birth rates compared to IVF. However, recent advances in the understanding of oocyte physiology, including cumulus-oocyte communication, the regulatory roles of cAMP/cGMP signaling pathways, and endocrine modulation of meiotic resumption, have reignited interest in optimizing IVM protocols. Innovations such as biphasic Capacitation (CAPA) IVM systems and the use of ovarian somatic support cells (OSCs) derived from induced pluripotent stem cells (iPSCs) aim to replicate the dynamic follicular environment more accurately and enhance oocyte competence. Clinical studies suggest that, while IVM still results in modestly lower cumulative live birth rates compared to conventional IVF, it offers significant advantages for selected patient populations, particularly women with polycystic ovary syndrome (PCOS), high ovarian reserve, or those requiring fertility preservation. Importantly, current evidence supports the genetic and epigenetic safety of IVM-derived offspring. As technical refinements continue and professional education expands, IVM is poised to fulfill its potential as a safer, less invasive, and more accessible alternative within the landscape of assisted reproductive technologies."
protocols,2025,Human oocyte capacitation culture: Essential step toward hormone-free assisted reproductive technology.,"Smitz J, Sánchez F, Romero S, Van Ranst H, Anckaert E, Gilchrist RB, Ho TM, Vuong LN, Morimoto Y.",Reproductive medicine and biology,10.1002/rmb2.12640,40078334,PMC11897612,6,yes,review-article; Review; Journal Article,https://doi.org/10.1002/rmb2.12640,"Background In vitro oocyte maturation (IVM) is not a novel concept; however, its wide-scale practice has been limited because of the lower clinical outcomes compared to conventional assisted reproductive technologies. Methods This comprehensive review addresses the significant advances made in oocyte in vitro maturation with the biphasic capacitation (CAPA)-IVM strategy applied to small ovarian antral follicles in humans over the last 10 years. CAPA-IVM consists of a prematuration phase wherein immature oocytes are temporarily meiotically arrested to gain competence before undergoing meiotic resumption. Main findings The integration of knowledge from basic research in animal models into clinical practice has led to a reevaluation of IVM for policystic ovary syndrome (PCOS) and onco-fertility patients. The introduction of meticulously conceived growth factors, hormonal supplements, and culture conditions led to an integrated biphasic CAPA-IVM system that promotes oocyte competence. A series of prospective randomized controlled studies validated the reproducible improvements in clinical outcomes and the safety of CAPA-IVM. So far, nearly 1000 babies have been born using this approach. Conclusion The use of CAPA-IVM in clinical studies has set the tone for major progress in the field and is achieving a safer, less expensive, and less emotionally loaded IVF experience, currently validated for PCOS patients."
efficacy,2026,Cumulative live birth after unstimulated in vitro maturation versus conventional in vitro fertilization (IVF) in women with polycystic ovary syndrome: a 36-month retrospective matched cohort study.,"Guo W, Chen L, Yang Z, Wang L, Wu H, Yang R, Yang S, Zheng X, Chang HM, Zhen X, Qiao J, Li R.",Journal of ovarian research,10.1186/s13048-026-02092-z,41981617,PMC13200467,0,yes,research-article; Journal Article,https://doi.org/10.1186/s13048-026-02092-z,"BACKGROUND: Polycystic ovary syndrome (PCOS) is characterized by heterogeneous ovarian responsiveness and a heightened risk of ovarian hyperstimulation syndrome (OHSS) during gonadotropin stimulation. Strictly unstimulated in vitro maturation (IVM) avoids ovarian stimulation and may reduce treatment burden; however, long-term cumulative live birth outcomes remain insufficiently defined, especially across baseline ovarian phenotypes. METHODS: This retrospective matched cohort study included women aged 20–42 years with PCOS, diagnosed by the Rotterdam criteria, treated at a university-affiliated fertility center between January 2010 and December 2022 (follow-up through December 2023). Women undergoing unstimulated IVM (n = 545) were matched 1:3 by age and BMI to women undergoing conventional in vitro fertilization (IVF) using a GnRH antagonist protocol (n = 1,635). The primary outcome was the 36-month cumulative live birth rate (CLBR) per initiated oocyte retrieval cycle. Secondary outcomes included implantation and live birth after the first transfer (fresh vs. frozen), OHSS, and obstetric/perinatal outcomes. Odds ratios (ORs) were calculated for the freeze-all subset. RESULTS: The 36-month CLBR per initiated retrieval cycle was significantly lower with IVM than IVF (22.20% vs. 47.95%; P < 0.001). CLBR/embryo transfer cycles was also lower with IVM (31.43% vs. 50.19%; P < 0.001). Implantation was lower in the IVM group after fresh transfer (22.94% vs. 29.45%; P = 0.005) but higher after frozen embryo transfer (43.86% vs. 32.62%; P = 0.007). Live birth after the first fresh transfer was lower with IVM (25.96% vs. 33.20%; P = 0.029), whereas after the first frozen transfer, live birth was comparable (33.33% vs. 36.61%; P = 0.486). No severe OHSS occurred in the IVM group, compared to 0.98% in IVF cycles. In women with AFC ≥ 24, live birth after the first frozen transfer was similar between groups (OR 0.99, 95% CI 0.57–1.72). Obstetric and neonatal outcomes were broadly comparable. CONCLUSIONS: Unstimulated IVM in PCOS women yielded a lower 36-month CLBR compared to IVF, primarily due to lower embryo yield. IVM eliminated OHSS and achieved comparable live birth rates following the FET, particularly in women with high AFC. These findings advocate for a ‘freeze-all’ IVM strategy to optimize both safety and reproductive outcomes in this high-risk population. CLINICAL TRIAL NUMBER: Not applicable."
efficacy,2026,In vitro maturation 2.0: a new era for an underdog in ART.,"Kulmann MIR, Andrade GM, Bos-Mikich A, Oliveira NP, Ferreira M, Frantz N.",JBRA assisted reproduction,10.5935/1518-0557.20250177,41757835,PMC13318288,0,yes,review-article; Review; Journal Article,https://doi.org/10.5935/1518-0557.20250177,"In vitro maturation (IVM) of human oocytes, once a pioneering concept predating conventional IVF, has long remained an underutilized technique in assisted reproduction. Despite early promise, clinical adoption of IVM has been limited due to lower embryo developmental competence and live birth rates compared to IVF. However, recent advances in the understanding of oocyte physiology, including cumulus-oocyte communication, the regulatory roles of cAMP/cGMP signaling pathways, and endocrine modulation of meiotic resumption, have reignited interest in optimizing IVM protocols. Innovations such as biphasic Capacitation (CAPA) IVM systems and the use of ovarian somatic support cells (OSCs) derived from induced pluripotent stem cells (iPSCs) aim to replicate the dynamic follicular environment more accurately and enhance oocyte competence. Clinical studies suggest that, while IVM still results in modestly lower cumulative live birth rates compared to conventional IVF, it offers significant advantages for selected patient populations, particularly women with polycystic ovary syndrome (PCOS), high ovarian reserve, or those requiring fertility preservation. Importantly, current evidence supports the genetic and epigenetic safety of IVM-derived offspring. As technical refinements continue and professional education expands, IVM is poised to fulfill its potential as a safer, less invasive, and more accessible alternative within the landscape of assisted reproductive technologies."
efficacy,2026,Epigenetic safety of in vitro maturation in PCOS: genome-wide DNA methylation profiling of cord blood from a randomized controlled trial.,"Guo W, Yang Y, Qin M, Kong S, Wang L, Zheng X, Yang R, Yang S, Zhen X, Zhu X, Li R, Yan L, Qiao J, Yan Z.",Journal of ovarian research,10.1186/s13048-026-02179-7,42365361,PMC13576222,0,yes,research-article; Randomized Controlled Trial; Journal Article,https://doi.org/10.1186/s13048-026-02179-7,"Background In vitro maturation (IVM) provides a safer alternative to conventional in vitro fertilization (IVF) for women with polycystic ovary syndrome (PCOS) by mitigating the risk of ovarian hyperstimulation. However, concerns persist regarding whether IVM perturbs epigenetic reprogramming in the offspring. Current evidence is constrained by candidate-gene approaches or a lack of parental controls. This study aimed to evaluate the genome-wide DNA methylation safety of IVM compared with conventional IVF using a rigorous trio-based design. Methods This secondary epigenetic analysis was nested within a randomized controlled trial (RCT) (ClinicalTrials.gov: NCT03463772). We included 10 nuclear families (trios), comprising five IVM-conceived and five IVF-conceived singleton offspring alongside their biological parents. Both groups utilized a uniform freeze-only single-blastocyst transfer strategy to minimize hormonal confounding. Genomic DNA from umbilical cord blood (UCB) and parental peripheral blood was analyzed using reduced representation bisulfite sequencing (RRBS). Genome-wide methylation patterns and differentially methylated regions (DMRs) were subsequently compared between the groups. Results Clinical characteristics were comparable between the IVM and IVF groups. Genome-wide analyses demonstrated high concordance in UCB methylation patterns, revealing no significant differences in global CpG methylation levels or distributions across key genomic features (promoters, CpG islands, and gene bodies). Only three rare DMRs were identified in UCB (representing ~ 0.0001% of the genome), none of which mapped to imprinted or developmentally critical loci. Furthermore, methylation variability remained consistent between the groups. Conclusions Our findings provide robust mechanistic evidence supporting the epigenetic safety of IVM. The remarkable stability of the neonatal methylome confirms that specific IVM conditions do not compromise early developmental programming, thereby endorsing IVM as a safe and viable alternative for women with PCOS. Trial registration ClinicalTrials.gov registry, NCT03463772. Registered on March 13, 2018."
efficacy,2026,The use of ex-vivo in-vitro maturation of ovarian tissues oocytes (OTO-IVM) for fertility preservation in gynaecologic cancers.,"Goh CSY, Lim CJW, Ng QJ, Lee SH, Chin FHX, Lim YH, Phoon JWL, Sim YJ, Lee JM, Durgahshree M, Hou MCL, Chong YS, Ee TX.",Gynecologic oncology reports,10.1016/j.gore.2026.102195,42699669,PMC13544095,0,yes,Journal Article; Case Reports; case-report,https://doi.org/10.1016/j.gore.2026.102195,"Background Fertility preservation in ovarian tumours or advanced gynaecologic malignancies is often challenging. Traditional fertility preservation techniques, such as ovarian tissue cryopreservation or oocyte retrieval, may not always be suitable, especially in cases where immediate cancer treatment is necessary or where hormonal stimulation is contraindicated. Ex-vivo in-vitro maturation of ovarian tissue oocytes (OTO-IVM) offers a promising alternative in these women by enabling the retrieval and maturation of immature oocytes outside the body from the oophorectomy tissue specimen. Method We present a case series of four women with gynaecologic malignancies who underwent ex-vivo oocyte retrieval and in-vitro maturation at the time of their oncologic surgeries. Conclusion Evidence supporting live births following OTO-IVM remains limited, and as such, the technique is currently regarded as experimental. Nevertheless, for selected women in whom conventional fertility preservation is not feasible, OTO-IVM may provide the only opportunity for fertility preservation and warrants consideration."
efficacy,2025,In vitro maturation in subfertile women with polycystic ovarian syndrome undergoing assisted reproduction.,"Siristatidis CS, Papapanou M, Maheshwari A, Vaidakis D.",The Cochrane database of systematic reviews,10.1002/14651858.cd006606.pub5,39912435,PMC11800328,6,no,Meta-Analysis; Systematic Review; systematic-review; Journal Article,https://doi.org/10.1002/14651858.cd006606.pub5,"Background Polycystic ovarian syndrome (PCOS) occurs in 8% to 13% of all women of reproductive age and 50% of women presenting with infertility (i.e. inability to reach a pregnancy after 12 months or more of regular unprotected sexual intercourse). A proportion of these women ultimately need assisted reproductive technology. In vitro fertilisation (IVF)/intracytoplasmic sperm injection (ICSI) are assisted reproduction techniques used to raise the chances of a pregnancy. In women with PCOS, the supra-physiological doses of gonadotrophins used for controlled ovarian hyperstimulation (COH) often result in an exaggerated ovarian response characterised by the development of a large cohort of follicles of uneven quality, retrieval of immature oocytes, and increased risk of ovarian hyperstimulation syndrome (OHSS). A potentially effective intervention for women with PCOS-related infertility involves earlier retrieval of immature oocytes at the germinal-vesicle stage followed by in vitro maturation (IVM). This is the third update of this Cochrane review on the subject (after the last update on 27 June 2018). Objectives To assess the benefits and harms of IVM followed by IVF or ICSI versus conventional IVF or ICSI among women with PCOS. Search methods On 27 February 2023, we searched the Cochrane Gynaecology and Fertility Group Specialised Register of Controlled Trials, CENTRAL, MEDLINE, Embase, and the Open Grey database. We further searched the National Institute for Health and Care Excellence (NICE) fertility assessment and treatment guidelines. We also searched reference lists of relevant papers and Google Scholar for any additional trials. Selection criteria We included randomised controlled trials (RCTs) comparing IVM before IVF or ICSI with conventional IVF or ICSI for infertile women with PCOS, irrespective of language and country of origin. Data collection and analysis Two review authors independently selected studies, assessed the risk of bias, extracted data from studies, and, where needed, attempted to contact the authors for missing data. Our primary outcomes were live birth per woman randomised and miscarriage. We performed statistical analysis using Review Manager. We assessed the certainty of the evidence using GRADE and the risk of bias using the Cochrane RoB 2 tool. Main results We found four published trials suitable for inclusion in this update. The studies involved 810 subfertile women undergoing assisted reproductive technology. Two of four were already included in the previous version of the review, were published as abstracts in international conferences, and were at high risk of bias. The two new studies were at low risk of bias in all domains and in terms of all outcomes. We implemented the random-effects model for the quantitative analyses and restricted the primary analysis to studies at low risk of bias in all domains. We are very uncertain about the effect of IVM or capacitation IVM (a new biphasic IVM system improving the developmental competence of oocytes) on live birth when compared to IVF when a GnRH antagonist protocol was applied (odds ratio (OR) 0.47, 95% confidence interval (CI) 0.17 to 1.32; I 2 = 91%; 2 studies, 739 participants; very low-certainty evidence). This suggests that if the chance of live birth following standard IVF is assumed to be 45.7%, then the chance of IVM would be 12.5% to 52.6%. In contrast, IVM or capacitation IVM increases miscarriage per clinical pregnancy (where clinical pregnancy was defined as evidence of a fetal heart beat on ultrasound at seven gestational weeks) in women with PCOS when compared to IVF (OR 1.66, 95% CI 1.02 to 2.70; I 2 = 0%; 2 studies, 378 clinical pregnancies; high-certainty evidence). This suggests that if the chance of miscarriage following standard IVF is assumed to be 20.1%, then the chance using IVM would be 20.4% to 40.4%. Results remained similar when using the risk ratio (RR) as the measure of effect. We are uncertain about the effect of IVM or capacitation IVM on clinical pregnancy when compared to IVF when a GnRH antagonist protocol was applied (OR 0.49, 95% CI 0.14 to 1.70; I 2 = 94%; 2 studies, 739 participants; very low-certainty evidence). The results were similar after pooling the RRs. IVM or capacitation IVM results in a large reduction in the incidence of moderate or severe OHSS as compared to IVF when a GnRH antagonist protocol was applied (OR 0.08, 95% CI 0.01 to 0.67; I 2 = 0%; 2 studies, 739 participants; high-certainty evidence). This suggests that if the incidence of OHSS following IVF is assumed to be 3.5%, then the incidence with IVM would be 0% to 2.4%. Also, there is probably little to no difference in preterm birth between IVM or capacitation IVM and IVF after the application of a GnRH antagonist protocol (OR 0.69, 95% CI 0.31 to 1.52; I² = 45%; 2 studies, 739 participants; moderate-certainty evidence). As for congenital anomalies, one study reported no events, while another showed an uncertain effect of IVM (OR 0.33, 95% CI 0.01 to 8.24; 1 study, 351 participants; low-certainty evidence). Results remained similar when using the RR as the measure of effect. There were no data from any of the studies for cycle cancellation, oocyte fertilisation, or subgroup analyses. Authors' conclusions There is continuous scientific interest in IVM, and promising data have been published. Concerning live birth and clinical pregnancy, we are very uncertain about the effect of the technique when compared to IVF after using a GnRH antagonist protocol. In contrast, high-certainty evidence shows that IVM increases miscarriage per clinical pregnancy and reduces the incidence of moderate or severe OHSS in women with PCOS compared to IVF after a GnRH antagonist protocol. Regarding the rest of the outcomes, low- to moderate-certainty evidence showed little to no difference in preterm birth and risk of congenital anomalies between the two modalities. We eagerly anticipate further evidence from high-quality trials in the field (we found five ongoing trials)."
efficacy,2026,Impact of anti-Müllerian hormone on pregnancy outcomes in in vitro maturation: a retrospective cohort study.,"Fan M, Tu B, Shi J, Qi L, Han D, Liu Q, Zhang J, Zhao J, Li R, Qiao J.",Journal of ovarian research,10.1186/s13048-026-02033-w,41742290,PMC13041493,0,yes,research-article; Journal Article,https://doi.org/10.1186/s13048-026-02033-w,"BACKGROUND: In vitro maturation (IVM) presents a potential alternative to conventional IVF for special subgroups of infertile couples. Anti-Müllerian Hormone (AMH) is widely regarded as the most robust biomarker for assessing ovarian reserve. However, the relationship between AMH and subsequent pregnancy success rates following IVM remains poorly characterized. DESIGN: This was a retrospective cohort study. Infertile patients undergoing IVM treatment at Peking University Third Hospital Reproductive Medicine Center between January 2016 and June 2024. Participants were stratified by AMH (ng/ml) quartiles: Group A (1 17.53, n = 96). The primary outcome was cumulative live birth rate. RESULTS: While baseline characteristics (age, BMI, infertility duration/type, FSH) were comparable across groups, Group D demonstrated significantly higher immature oocyte yield (P 17.53ng/ml) may be related to reduced clinical pregnancy rate compared to low AMH levels (OR = 0.281, 95% CI: 0.108–0.728, P = 0.009). No significant differences emerged between fresh versus frozen-thawed transfers. CONCLUSION: Elevated AMH levels (> 17.53ng/ml) predict enhanced follicular recruitment but paradoxically associate with diminished reproductive success compared to moderate AMH levels (1 < AMH ≤ 7.77 ng/ml) in IVM cycles."
efficacy,2026,In vitro maturation for infertility in polyendocrine metabolic ovarian syndrome: a systematic review of treatment protocols and outcomes.,"Vuong LN, Pham TD, Le HL, Ho TM.",Fertility and sterility,10.1016/j.fertnstert.2026.07.032,42586493,,0,no,Review; Journal Article,https://doi.org/10.1016/j.fertnstert.2026.07.032,"In vitro maturation (IVM) involves the retrieval of immature oocytes from unstimulated or minimally primed antral follicles, with maturation completed in culture. Women with polyendocrine metabolic ovarian syndrome (PMOS), the condition previously known as polycystic ovary syndrome, are the prototypical candidates for oocyte IVM because it largely avoids ovarian hyperstimulation syndrome (OHSS). Several IVM protocols are in clinical use, differing in priming (human chorionic gonadotropin [hCG], follicle-stimulating hormone [FSH], or none) and culture system (standard vs. biphasic capacitation [CAPA-IVM]). We systematically reviewed published data relating to the use of the above IVM protocols in women with PMOS that were identified by literature searching (MEDLINE, Embase, Web of Science, Cochrane). All IVM protocols essentially eliminated OHSS. Oocyte maturation, number of usable embryos, and the live birth rate varied by priming strategy, culture system, and embryo transfer policy. Maturation rates were approximately 50% with standard IVM and 60%-70% with the hCG-primed or biphasic protocols, and live birth rate after a single retrieval was approximately 20%-48%. The CAPA-IVM protocol was associated with the highest maturation and embryo yield, and a randomized trial reported that a fully hormone-free CAPA-IVM protocol is feasible. Obstetric, neonatal, epigenetic, and child-neurodevelopmental outcomes, now reported up to age 5-7 years, are reassuring. Clinical and methodological heterogeneity precluded statistical pooling of data, and the evidence remains dominated by single-center cohorts, with few randomized trials. This article summarizes protocol-specific outcomes, identifies determinants of success, and defines priorities for standardizing IVM and generating higher-quality evidence for the use of IVM in PMOS."
efficacy,2026,Biopsychosocial outcomes and quality of life in assisted reproduction: Conventional IVF versus in vitro maturation in women with PMOS.,"Sanmartín-Cuevas V, Mostinckx L, García-Baquero G, Agirregoitia E, De Vos M, Agirregoitia N.",Journal of psychosomatic research,10.1016/j.jpsychores.2026.112917,42418972,,0,no,Comparative Study; Journal Article,https://doi.org/10.1016/j.jpsychores.2026.112917,"Background Polyendocrine Metabolic Ovarian Syndrome (PMOS), formerly known as Polycystic Ovary Syndrome (PCOS) is the leading cause of anovulatory infertility worldwide and is associated with vulnerability to ovarian hyperstimulation syndrome (OHSS) under conventional stimulation. Women with PMOS frequently undergo in vitro fertilization (IVF), which involves intensive hormonal stimulation, or in vitro maturation (IVM), a minimal-stimulation alternative that eliminates OHSS risk. Despite their different burden profiles, comparative data on patient-centred outcomes between these protocols are scarce. Methods A prospective, non-randomised clinical trial with two active treatment arms compared the biopsychosocial impact of IVF and IVM in 149 women with PMOS (IVF: n = 74; IVM: n = 75). Treatment was selected through shared decision-making, a process in which patients and clinicians jointly chose the protocol based on clinical profile and informed preferences. Anxiety and depression (Hospital Anxiety and Depression Scale) and fertility-related quality of life (FertiQoL) were assessed at baseline (T1), oocyte retrieval (T2), and end of cycle (T3). Physical symptoms were recorded at T2 and T3. Propensity score matching was applied to balance baseline characteristics. Results No significant between-group differences were observed in anxiety, depression, or total quality of life. Women undergoing IVF reported significantly more adverse physical symptoms, more post-retrieval pain, lower couple relationship quality (FertiQoL Relational), and a trend toward lower treatment tolerability. Conclusions These findings suggest that differences between IVF and IVM in women with PMOS may emerge primarily in specific physical and relational dimensions of treatment burden, while broader psychological outcomes appear largely comparable across treatments."
efficacy,2025,Advances in human oocyte in vitro maturation: current status and future perspectives: a narrative review.,"Liu M, Cui J, Chang HM, Liu J, Leung PCK.",Reproduction & fertility,10.1530/raf-25-0092,41059757,PMC12579509,2,yes,"Research Support, Non-U.S. Gov't; review-article; Review; Journal Article",https://doi.org/10.1530/raf-25-0092,"Oocyte in vitro maturation (IVM) is an evolving component of assisted reproductive technology (ART) that offers a less invasive and cost-effective alternative to conventional controlled ovarian stimulation. It is particularly beneficial for patients at risk of ovarian hyperstimulation syndrome (OHSS), those with polycystic ovary syndrome (PCOS), and individuals requiring urgent fertility preservation. Despite these advantages, clinical uptake has remained limited owing to concerns about the developmental competence and quality of IVM-derived oocytes. To address this, we conducted a comprehensive literature search of PubMed, Embase, and Web of Science for articles published between January 2000 and June 2025, using combinations of keywords related to IVM, oocyte maturation, culture protocols, oocyte quality, and clinical outcomes. Recent progress in the field has led to the development of biphasic culture systems, pre-IVM priming strategies, and the incorporation of regulatory factors such as C-type natriuretic peptide (CNP) and oocyte-secreted factors, all of which have contributed to improved oocyte maturation and embryo development. Nonetheless, variability in outcomes persists due to differences in patient selection, stimulation protocols, and laboratory practice. Continued optimisation of IVM culture systems and a deeper understanding of oocyte maturation mechanisms will be essential for enhancing clinical efficacy. Future research should prioritise standardisation, patient-tailored protocols, and systematic long-term outcome data to support wider adoption of IVM. This review provides a comprehensive overview of recent advances and ongoing challenges in human oocyte IVM, offering perspectives on future directions for clinical translation and improved ART outcomes. Lay summary IVM is a fertility treatment that allows immature eggs to mature in the laboratory rather than within the body. This approach can be safer, simpler, and more affordable than traditional IVF, especially for women with polycystic ovary syndrome (PCOS), those at risk of ovarian hyperstimulation, or those who need to preserve their fertility quickly, such as cancer patients. Although IVM holds great promise, it is not yet widely used because its success rates are not as high as those of conventional methods. This review looks at the latest scientific progress to improve IVM, including better laboratory techniques, the use of natural hormones and growth factors, and new ways to support egg development outside the body. These advancements have helped improve the quality of eggs and embryos, but challenges remain. Differences in patient types, medications used, and lab practices can affect how well IVM works. More research is needed to make IVM more consistent and effective so it can become a routine fertility option for a broader population."
efficacy,2025,"A Comparative Analysis of &lt;i&gt;Gremlin-1 (GREM1)&lt;/i&gt;, &lt;i&gt;Hyaluronic Acid Synthetase-2 (HAS2)&lt;/i&gt;, and &lt;i&gt;Prostaglandin-Endoperoxide Synthase-2 (PTGS2)&lt;/i&gt; Expression in Cumulus Cells Among Women with Diminished Ovarian Reserve Following Rescue In Vitro Maturation (r-IVM).","Ahmad MF, Elias MH, Jin NM, Abu MA, Syafruddin SE, Zainuddin AA, Azhar SS, Suzuki N, Karim AKA.","Life (Basel, Switzerland)",10.3390/life15101609,41157281,PMC12565312,0,yes,research-article; Journal Article,https://doi.org/10.3390/life15101609,"Managing women with diminished ovarian reserve for in vitro fertilization (IVF) is challenging, often resulting in low oocyte yield and cycle failures. We hypothesize that coupling in vitro fertilization (IVF) with rescue in vitro maturation (r-IVM) can improve overall maturation rates without compromising the overall IVF outcome. Our study compared DOR and normal ovarian reserve (NOR) cohorts by evaluating 15 immature oocyte progressions following r-IVM. We analyzed the gene expression of cumulus cells related to GREM1 , PTGS2 , and HAS2 to correlate with OQ, EQ, and overall IVF outcome. Significant differences were noted in AMH levels, AFCs, and oocyte numbers ( p p > 0.05). Fertilization rates were comparable, but EQ was better in DOR. All genes in DOR were upregulated post-r-IVM, whereas NOR showed downregulation of PTGS2 and GREM1 ( p p > 0.05). Overall, our findings suggest that r-IVM could provide improved fertility outcomes for DOR women in standard IVF cycles."
efficacy,2025,FSH priming and hormonal modulation of oocyte competence in &lt;i&gt;in vitro&lt;/i&gt; maturation for infertility treatment: a systematic review and meta-analysis.,"Lin KB, Chien Y, Hou JH, Wu YC, Lin PL, Chien LT, Chen CH.",Frontiers in endocrinology,10.3389/fendo.2025.1682277,41180183,PMC12575120,0,yes,Meta-Analysis; Systematic Review; systematic-review; Journal Article,https://doi.org/10.3389/fendo.2025.1682277,"Background Does follicle-stimulating hormone priming improve reproductive outcomes in women undergoing in vitro maturation treatment for infertility?Follicle-stimulating hormone (FSH) is a key endocrine regulator of oocyte folliculogenesis and is crucial for granulosa-oocyte communication and cytoplasmic maturation. In vitro maturation (IVM) offers a lower risk when compared with conventional in vitro fertilization ovarian stimulation; however, widespread clinical adoption is limited by variable success rates and protocol heterogeneity. In regard to optimization strategies, FSH priming has been proposed to enhance oocyte competence, but its impact remains debatable. Objective To evaluate the effects of FSH priming on oocyte maturation and reproductive potential in IVM cycles for infertile women. Methods Employing PRISMA guidelines, we systematically searched PubMed, Cochrane Library, Embase, and Web of Science for randomized controlled trials comparing FSH-primed versus non-primed IVM cycles in infertile women. The primary outcome was oocyte maturation rate, whereas secondary outcomes included fertilization rate, cleavage rate, pregnancy rate, and implantation rate. Data pooled used random-effects models, with heterogeneity assessed by I 2 statistic. Results Six randomized controlled trials comprising of 497 women were analyzed. FSH priming was associated with a statistically significant increase in oocyte maturation rate [OR 1.24(95% CI, 1.05-1.45)] when compared with the non-stimulated group. However, pooled analysis showed no significant differences in fertilization rate or clinical pregnancy rate between groups. Conclusion FSH priming has been shown to enhance oocyte maturation rate in in vitro maturation cycles. However, current evidence shows that gonadotropin does not significantly improve fertilization or pregnancy outcomes."
efficacy,2025,"In vitro maturation of oocytes (IVM): historical landmarks, current status and future perspectives.","Chatzimeletiou K, Pappa K, Petrogiannis N, Anifandis G, Chatzovoulou K, Tsakos E, Kolibianakis E, Grimbizis G, Sioga A.",Systems biology in reproductive medicine,10.1080/19396368.2025.2469574,40073300,,4,no,Historical Article; Journal Article,https://doi.org/10.1080/19396368.2025.2469574,"One of the major advancements in in vitro fertilization (IVF) has been the development of culture media that enhance gamete maturation in vitro and sustain embryo development up to the blastocyst stage. The deep understanding of the mechanisms involved in gametogenesis and the complex sequence of events surrounding nuclear and cytoplasmic maturation has also enabled the development of efficient in vitro maturation (IVM) protocols. This review outlines the major landmarks in the history of in vitro maturation of oocytes, the advantages and importance of its clinical application in human, especially in patients with Polycystic Ovary Syndrome (PCOS), Resistant Ovary Syndrome, high antral follicle count or oncology patients, as well as the safety and efficacy of the technique. IVM has not been shown yet to be as effective as controlled ovarian stimulation in terms of maturation rates, fertilization rates, and clinical outcome, possibly owing to a dysfunctional or asynchronous nuclear/cytoplasmic maturation process. A confusing set of IVM clinical protocols may also have contributed to the slow incorporation of the technology into routine IVF practice. However, recent improvements have led to comparable live birth rates between IVM and IVF, in women with high antral follicle count. The current status of IVM in the Assisted Reproductive Technology (ART) laboratory and its future perspectives, aiming to provide maximum fertility care to patients will be discussed."
safety,2026,Epigenetic safety of in vitro maturation in PCOS: genome-wide DNA methylation profiling of cord blood from a randomized controlled trial.,"Guo W, Yang Y, Qin M, Kong S, Wang L, Zheng X, Yang R, Yang S, Zhen X, Zhu X, Li R, Yan L, Qiao J, Yan Z.",Journal of ovarian research,10.1186/s13048-026-02179-7,42365361,PMC13576222,0,yes,research-article; Randomized Controlled Trial; Journal Article,https://doi.org/10.1186/s13048-026-02179-7,"Background In vitro maturation (IVM) provides a safer alternative to conventional in vitro fertilization (IVF) for women with polycystic ovary syndrome (PCOS) by mitigating the risk of ovarian hyperstimulation. However, concerns persist regarding whether IVM perturbs epigenetic reprogramming in the offspring. Current evidence is constrained by candidate-gene approaches or a lack of parental controls. This study aimed to evaluate the genome-wide DNA methylation safety of IVM compared with conventional IVF using a rigorous trio-based design. Methods This secondary epigenetic analysis was nested within a randomized controlled trial (RCT) (ClinicalTrials.gov: NCT03463772). We included 10 nuclear families (trios), comprising five IVM-conceived and five IVF-conceived singleton offspring alongside their biological parents. Both groups utilized a uniform freeze-only single-blastocyst transfer strategy to minimize hormonal confounding. Genomic DNA from umbilical cord blood (UCB) and parental peripheral blood was analyzed using reduced representation bisulfite sequencing (RRBS). Genome-wide methylation patterns and differentially methylated regions (DMRs) were subsequently compared between the groups. Results Clinical characteristics were comparable between the IVM and IVF groups. Genome-wide analyses demonstrated high concordance in UCB methylation patterns, revealing no significant differences in global CpG methylation levels or distributions across key genomic features (promoters, CpG islands, and gene bodies). Only three rare DMRs were identified in UCB (representing ~ 0.0001% of the genome), none of which mapped to imprinted or developmentally critical loci. Furthermore, methylation variability remained consistent between the groups. Conclusions Our findings provide robust mechanistic evidence supporting the epigenetic safety of IVM. The remarkable stability of the neonatal methylome confirms that specific IVM conditions do not compromise early developmental programming, thereby endorsing IVM as a safe and viable alternative for women with PCOS. Trial registration ClinicalTrials.gov registry, NCT03463772. Registered on March 13, 2018."
safety,2026,In vitro maturation 2.0: a new era for an underdog in ART.,"Kulmann MIR, Andrade GM, Bos-Mikich A, Oliveira NP, Ferreira M, Frantz N.",JBRA assisted reproduction,10.5935/1518-0557.20250177,41757835,PMC13318288,0,yes,review-article; Review; Journal Article,https://doi.org/10.5935/1518-0557.20250177,"In vitro maturation (IVM) of human oocytes, once a pioneering concept predating conventional IVF, has long remained an underutilized technique in assisted reproduction. Despite early promise, clinical adoption of IVM has been limited due to lower embryo developmental competence and live birth rates compared to IVF. However, recent advances in the understanding of oocyte physiology, including cumulus-oocyte communication, the regulatory roles of cAMP/cGMP signaling pathways, and endocrine modulation of meiotic resumption, have reignited interest in optimizing IVM protocols. Innovations such as biphasic Capacitation (CAPA) IVM systems and the use of ovarian somatic support cells (OSCs) derived from induced pluripotent stem cells (iPSCs) aim to replicate the dynamic follicular environment more accurately and enhance oocyte competence. Clinical studies suggest that, while IVM still results in modestly lower cumulative live birth rates compared to conventional IVF, it offers significant advantages for selected patient populations, particularly women with polycystic ovary syndrome (PCOS), high ovarian reserve, or those requiring fertility preservation. Importantly, current evidence supports the genetic and epigenetic safety of IVM-derived offspring. As technical refinements continue and professional education expands, IVM is poised to fulfill its potential as a safer, less invasive, and more accessible alternative within the landscape of assisted reproductive technologies."
safety,2026,Cumulative live birth after unstimulated in vitro maturation versus conventional in vitro fertilization (IVF) in women with polycystic ovary syndrome: a 36-month retrospective matched cohort study.,"Guo W, Chen L, Yang Z, Wang L, Wu H, Yang R, Yang S, Zheng X, Chang HM, Zhen X, Qiao J, Li R.",Journal of ovarian research,10.1186/s13048-026-02092-z,41981617,PMC13200467,0,yes,research-article; Journal Article,https://doi.org/10.1186/s13048-026-02092-z,"BACKGROUND: Polycystic ovary syndrome (PCOS) is characterized by heterogeneous ovarian responsiveness and a heightened risk of ovarian hyperstimulation syndrome (OHSS) during gonadotropin stimulation. Strictly unstimulated in vitro maturation (IVM) avoids ovarian stimulation and may reduce treatment burden; however, long-term cumulative live birth outcomes remain insufficiently defined, especially across baseline ovarian phenotypes. METHODS: This retrospective matched cohort study included women aged 20–42 years with PCOS, diagnosed by the Rotterdam criteria, treated at a university-affiliated fertility center between January 2010 and December 2022 (follow-up through December 2023). Women undergoing unstimulated IVM (n = 545) were matched 1:3 by age and BMI to women undergoing conventional in vitro fertilization (IVF) using a GnRH antagonist protocol (n = 1,635). The primary outcome was the 36-month cumulative live birth rate (CLBR) per initiated oocyte retrieval cycle. Secondary outcomes included implantation and live birth after the first transfer (fresh vs. frozen), OHSS, and obstetric/perinatal outcomes. Odds ratios (ORs) were calculated for the freeze-all subset. RESULTS: The 36-month CLBR per initiated retrieval cycle was significantly lower with IVM than IVF (22.20% vs. 47.95%; P < 0.001). CLBR/embryo transfer cycles was also lower with IVM (31.43% vs. 50.19%; P < 0.001). Implantation was lower in the IVM group after fresh transfer (22.94% vs. 29.45%; P = 0.005) but higher after frozen embryo transfer (43.86% vs. 32.62%; P = 0.007). Live birth after the first fresh transfer was lower with IVM (25.96% vs. 33.20%; P = 0.029), whereas after the first frozen transfer, live birth was comparable (33.33% vs. 36.61%; P = 0.486). No severe OHSS occurred in the IVM group, compared to 0.98% in IVF cycles. In women with AFC ≥ 24, live birth after the first frozen transfer was similar between groups (OR 0.99, 95% CI 0.57–1.72). Obstetric and neonatal outcomes were broadly comparable. CONCLUSIONS: Unstimulated IVM in PCOS women yielded a lower 36-month CLBR compared to IVF, primarily due to lower embryo yield. IVM eliminated OHSS and achieved comparable live birth rates following the FET, particularly in women with high AFC. These findings advocate for a ‘freeze-all’ IVM strategy to optimize both safety and reproductive outcomes in this high-risk population. CLINICAL TRIAL NUMBER: Not applicable."
safety,2026,In vitro maturation for infertility in polyendocrine metabolic ovarian syndrome: a systematic review of treatment protocols and outcomes.,"Vuong LN, Pham TD, Le HL, Ho TM.",Fertility and sterility,10.1016/j.fertnstert.2026.07.032,42586493,,0,no,Review; Journal Article,https://doi.org/10.1016/j.fertnstert.2026.07.032,"In vitro maturation (IVM) involves the retrieval of immature oocytes from unstimulated or minimally primed antral follicles, with maturation completed in culture. Women with polyendocrine metabolic ovarian syndrome (PMOS), the condition previously known as polycystic ovary syndrome, are the prototypical candidates for oocyte IVM because it largely avoids ovarian hyperstimulation syndrome (OHSS). Several IVM protocols are in clinical use, differing in priming (human chorionic gonadotropin [hCG], follicle-stimulating hormone [FSH], or none) and culture system (standard vs. biphasic capacitation [CAPA-IVM]). We systematically reviewed published data relating to the use of the above IVM protocols in women with PMOS that were identified by literature searching (MEDLINE, Embase, Web of Science, Cochrane). All IVM protocols essentially eliminated OHSS. Oocyte maturation, number of usable embryos, and the live birth rate varied by priming strategy, culture system, and embryo transfer policy. Maturation rates were approximately 50% with standard IVM and 60%-70% with the hCG-primed or biphasic protocols, and live birth rate after a single retrieval was approximately 20%-48%. The CAPA-IVM protocol was associated with the highest maturation and embryo yield, and a randomized trial reported that a fully hormone-free CAPA-IVM protocol is feasible. Obstetric, neonatal, epigenetic, and child-neurodevelopmental outcomes, now reported up to age 5-7 years, are reassuring. Clinical and methodological heterogeneity precluded statistical pooling of data, and the evidence remains dominated by single-center cohorts, with few randomized trials. This article summarizes protocol-specific outcomes, identifies determinants of success, and defines priorities for standardizing IVM and generating higher-quality evidence for the use of IVM in PMOS."
safety,2026,Impact of anti-Müllerian hormone on pregnancy outcomes in in vitro maturation: a retrospective cohort study.,"Fan M, Tu B, Shi J, Qi L, Han D, Liu Q, Zhang J, Zhao J, Li R, Qiao J.",Journal of ovarian research,10.1186/s13048-026-02033-w,41742290,PMC13041493,0,yes,research-article; Journal Article,https://doi.org/10.1186/s13048-026-02033-w,"BACKGROUND: In vitro maturation (IVM) presents a potential alternative to conventional IVF for special subgroups of infertile couples. Anti-Müllerian Hormone (AMH) is widely regarded as the most robust biomarker for assessing ovarian reserve. However, the relationship between AMH and subsequent pregnancy success rates following IVM remains poorly characterized. DESIGN: This was a retrospective cohort study. Infertile patients undergoing IVM treatment at Peking University Third Hospital Reproductive Medicine Center between January 2016 and June 2024. Participants were stratified by AMH (ng/ml) quartiles: Group A (1 17.53, n = 96). The primary outcome was cumulative live birth rate. RESULTS: While baseline characteristics (age, BMI, infertility duration/type, FSH) were comparable across groups, Group D demonstrated significantly higher immature oocyte yield (P 17.53ng/ml) may be related to reduced clinical pregnancy rate compared to low AMH levels (OR = 0.281, 95% CI: 0.108–0.728, P = 0.009). No significant differences emerged between fresh versus frozen-thawed transfers. CONCLUSION: Elevated AMH levels (> 17.53ng/ml) predict enhanced follicular recruitment but paradoxically associate with diminished reproductive success compared to moderate AMH levels (1 < AMH ≤ 7.77 ng/ml) in IVM cycles."
safety,2025,Advances in human oocyte in vitro maturation: current status and future perspectives: a narrative review.,"Liu M, Cui J, Chang HM, Liu J, Leung PCK.",Reproduction & fertility,10.1530/raf-25-0092,41059757,PMC12579509,2,yes,"Research Support, Non-U.S. Gov't; review-article; Review; Journal Article",https://doi.org/10.1530/raf-25-0092,"Oocyte in vitro maturation (IVM) is an evolving component of assisted reproductive technology (ART) that offers a less invasive and cost-effective alternative to conventional controlled ovarian stimulation. It is particularly beneficial for patients at risk of ovarian hyperstimulation syndrome (OHSS), those with polycystic ovary syndrome (PCOS), and individuals requiring urgent fertility preservation. Despite these advantages, clinical uptake has remained limited owing to concerns about the developmental competence and quality of IVM-derived oocytes. To address this, we conducted a comprehensive literature search of PubMed, Embase, and Web of Science for articles published between January 2000 and June 2025, using combinations of keywords related to IVM, oocyte maturation, culture protocols, oocyte quality, and clinical outcomes. Recent progress in the field has led to the development of biphasic culture systems, pre-IVM priming strategies, and the incorporation of regulatory factors such as C-type natriuretic peptide (CNP) and oocyte-secreted factors, all of which have contributed to improved oocyte maturation and embryo development. Nonetheless, variability in outcomes persists due to differences in patient selection, stimulation protocols, and laboratory practice. Continued optimisation of IVM culture systems and a deeper understanding of oocyte maturation mechanisms will be essential for enhancing clinical efficacy. Future research should prioritise standardisation, patient-tailored protocols, and systematic long-term outcome data to support wider adoption of IVM. This review provides a comprehensive overview of recent advances and ongoing challenges in human oocyte IVM, offering perspectives on future directions for clinical translation and improved ART outcomes. Lay summary IVM is a fertility treatment that allows immature eggs to mature in the laboratory rather than within the body. This approach can be safer, simpler, and more affordable than traditional IVF, especially for women with polycystic ovary syndrome (PCOS), those at risk of ovarian hyperstimulation, or those who need to preserve their fertility quickly, such as cancer patients. Although IVM holds great promise, it is not yet widely used because its success rates are not as high as those of conventional methods. This review looks at the latest scientific progress to improve IVM, including better laboratory techniques, the use of natural hormones and growth factors, and new ways to support egg development outside the body. These advancements have helped improve the quality of eggs and embryos, but challenges remain. Differences in patient types, medications used, and lab practices can affect how well IVM works. More research is needed to make IVM more consistent and effective so it can become a routine fertility option for a broader population."
safety,2025,In vitro maturation in subfertile women with polycystic ovarian syndrome undergoing assisted reproduction.,"Siristatidis CS, Papapanou M, Maheshwari A, Vaidakis D.",The Cochrane database of systematic reviews,10.1002/14651858.cd006606.pub5,39912435,PMC11800328,6,no,Meta-Analysis; Systematic Review; systematic-review; Journal Article,https://doi.org/10.1002/14651858.cd006606.pub5,"Background Polycystic ovarian syndrome (PCOS) occurs in 8% to 13% of all women of reproductive age and 50% of women presenting with infertility (i.e. inability to reach a pregnancy after 12 months or more of regular unprotected sexual intercourse). A proportion of these women ultimately need assisted reproductive technology. In vitro fertilisation (IVF)/intracytoplasmic sperm injection (ICSI) are assisted reproduction techniques used to raise the chances of a pregnancy. In women with PCOS, the supra-physiological doses of gonadotrophins used for controlled ovarian hyperstimulation (COH) often result in an exaggerated ovarian response characterised by the development of a large cohort of follicles of uneven quality, retrieval of immature oocytes, and increased risk of ovarian hyperstimulation syndrome (OHSS). A potentially effective intervention for women with PCOS-related infertility involves earlier retrieval of immature oocytes at the germinal-vesicle stage followed by in vitro maturation (IVM). This is the third update of this Cochrane review on the subject (after the last update on 27 June 2018). Objectives To assess the benefits and harms of IVM followed by IVF or ICSI versus conventional IVF or ICSI among women with PCOS. Search methods On 27 February 2023, we searched the Cochrane Gynaecology and Fertility Group Specialised Register of Controlled Trials, CENTRAL, MEDLINE, Embase, and the Open Grey database. We further searched the National Institute for Health and Care Excellence (NICE) fertility assessment and treatment guidelines. We also searched reference lists of relevant papers and Google Scholar for any additional trials. Selection criteria We included randomised controlled trials (RCTs) comparing IVM before IVF or ICSI with conventional IVF or ICSI for infertile women with PCOS, irrespective of language and country of origin. Data collection and analysis Two review authors independently selected studies, assessed the risk of bias, extracted data from studies, and, where needed, attempted to contact the authors for missing data. Our primary outcomes were live birth per woman randomised and miscarriage. We performed statistical analysis using Review Manager. We assessed the certainty of the evidence using GRADE and the risk of bias using the Cochrane RoB 2 tool. Main results We found four published trials suitable for inclusion in this update. The studies involved 810 subfertile women undergoing assisted reproductive technology. Two of four were already included in the previous version of the review, were published as abstracts in international conferences, and were at high risk of bias. The two new studies were at low risk of bias in all domains and in terms of all outcomes. We implemented the random-effects model for the quantitative analyses and restricted the primary analysis to studies at low risk of bias in all domains. We are very uncertain about the effect of IVM or capacitation IVM (a new biphasic IVM system improving the developmental competence of oocytes) on live birth when compared to IVF when a GnRH antagonist protocol was applied (odds ratio (OR) 0.47, 95% confidence interval (CI) 0.17 to 1.32; I 2 = 91%; 2 studies, 739 participants; very low-certainty evidence). This suggests that if the chance of live birth following standard IVF is assumed to be 45.7%, then the chance of IVM would be 12.5% to 52.6%. In contrast, IVM or capacitation IVM increases miscarriage per clinical pregnancy (where clinical pregnancy was defined as evidence of a fetal heart beat on ultrasound at seven gestational weeks) in women with PCOS when compared to IVF (OR 1.66, 95% CI 1.02 to 2.70; I 2 = 0%; 2 studies, 378 clinical pregnancies; high-certainty evidence). This suggests that if the chance of miscarriage following standard IVF is assumed to be 20.1%, then the chance using IVM would be 20.4% to 40.4%. Results remained similar when using the risk ratio (RR) as the measure of effect. We are uncertain about the effect of IVM or capacitation IVM on clinical pregnancy when compared to IVF when a GnRH antagonist protocol was applied (OR 0.49, 95% CI 0.14 to 1.70; I 2 = 94%; 2 studies, 739 participants; very low-certainty evidence). The results were similar after pooling the RRs. IVM or capacitation IVM results in a large reduction in the incidence of moderate or severe OHSS as compared to IVF when a GnRH antagonist protocol was applied (OR 0.08, 95% CI 0.01 to 0.67; I 2 = 0%; 2 studies, 739 participants; high-certainty evidence). This suggests that if the incidence of OHSS following IVF is assumed to be 3.5%, then the incidence with IVM would be 0% to 2.4%. Also, there is probably little to no difference in preterm birth between IVM or capacitation IVM and IVF after the application of a GnRH antagonist protocol (OR 0.69, 95% CI 0.31 to 1.52; I² = 45%; 2 studies, 739 participants; moderate-certainty evidence). As for congenital anomalies, one study reported no events, while another showed an uncertain effect of IVM (OR 0.33, 95% CI 0.01 to 8.24; 1 study, 351 participants; low-certainty evidence). Results remained similar when using the RR as the measure of effect. There were no data from any of the studies for cycle cancellation, oocyte fertilisation, or subgroup analyses. Authors' conclusions There is continuous scientific interest in IVM, and promising data have been published. Concerning live birth and clinical pregnancy, we are very uncertain about the effect of the technique when compared to IVF after using a GnRH antagonist protocol. In contrast, high-certainty evidence shows that IVM increases miscarriage per clinical pregnancy and reduces the incidence of moderate or severe OHSS in women with PCOS compared to IVF after a GnRH antagonist protocol. Regarding the rest of the outcomes, low- to moderate-certainty evidence showed little to no difference in preterm birth and risk of congenital anomalies between the two modalities. We eagerly anticipate further evidence from high-quality trials in the field (we found five ongoing trials)."
safety,2025,"A Comparative Analysis of &lt;i&gt;Gremlin-1 (GREM1)&lt;/i&gt;, &lt;i&gt;Hyaluronic Acid Synthetase-2 (HAS2)&lt;/i&gt;, and &lt;i&gt;Prostaglandin-Endoperoxide Synthase-2 (PTGS2)&lt;/i&gt; Expression in Cumulus Cells Among Women with Diminished Ovarian Reserve Following Rescue In Vitro Maturation (r-IVM).","Ahmad MF, Elias MH, Jin NM, Abu MA, Syafruddin SE, Zainuddin AA, Azhar SS, Suzuki N, Karim AKA.","Life (Basel, Switzerland)",10.3390/life15101609,41157281,PMC12565312,0,yes,research-article; Journal Article,https://doi.org/10.3390/life15101609,"Managing women with diminished ovarian reserve for in vitro fertilization (IVF) is challenging, often resulting in low oocyte yield and cycle failures. We hypothesize that coupling in vitro fertilization (IVF) with rescue in vitro maturation (r-IVM) can improve overall maturation rates without compromising the overall IVF outcome. Our study compared DOR and normal ovarian reserve (NOR) cohorts by evaluating 15 immature oocyte progressions following r-IVM. We analyzed the gene expression of cumulus cells related to GREM1 , PTGS2 , and HAS2 to correlate with OQ, EQ, and overall IVF outcome. Significant differences were noted in AMH levels, AFCs, and oocyte numbers ( p p > 0.05). Fertilization rates were comparable, but EQ was better in DOR. All genes in DOR were upregulated post-r-IVM, whereas NOR showed downregulation of PTGS2 and GREM1 ( p p > 0.05). Overall, our findings suggest that r-IVM could provide improved fertility outcomes for DOR women in standard IVF cycles."
safety,2026,The use of ex-vivo in-vitro maturation of ovarian tissues oocytes (OTO-IVM) for fertility preservation in gynaecologic cancers.,"Goh CSY, Lim CJW, Ng QJ, Lee SH, Chin FHX, Lim YH, Phoon JWL, Sim YJ, Lee JM, Durgahshree M, Hou MCL, Chong YS, Ee TX.",Gynecologic oncology reports,10.1016/j.gore.2026.102195,42699669,PMC13544095,0,yes,Journal Article; Case Reports; case-report,https://doi.org/10.1016/j.gore.2026.102195,"Background Fertility preservation in ovarian tumours or advanced gynaecologic malignancies is often challenging. Traditional fertility preservation techniques, such as ovarian tissue cryopreservation or oocyte retrieval, may not always be suitable, especially in cases where immediate cancer treatment is necessary or where hormonal stimulation is contraindicated. Ex-vivo in-vitro maturation of ovarian tissue oocytes (OTO-IVM) offers a promising alternative in these women by enabling the retrieval and maturation of immature oocytes outside the body from the oophorectomy tissue specimen. Method We present a case series of four women with gynaecologic malignancies who underwent ex-vivo oocyte retrieval and in-vitro maturation at the time of their oncologic surgeries. Conclusion Evidence supporting live births following OTO-IVM remains limited, and as such, the technique is currently regarded as experimental. Nevertheless, for selected women in whom conventional fertility preservation is not feasible, OTO-IVM may provide the only opportunity for fertility preservation and warrants consideration."
safety,2026,Antioxidant Supplementation with Caffeine During Rescue In Vitro Maturation Improves Fertilization and Embryo Development in Women of Advanced Maternal Age.,"Lee G, Eum JH, Kim TH, Han SJ, Kim S, Lee HJ, Kang YJ.","Antioxidants (Basel, Switzerland)",10.3390/antiox15050555,42193178,PMC13203797,0,yes,research-article; Journal Article,https://doi.org/10.3390/antiox15050555,"Age-related decline in oocyte quality is closely associated with mitochondrial dysfunction and oxidative imbalance, which disrupt redox-sensitive meiotic signaling and compromise embryo developmental competence. Rescue in vitro maturation (r-IVM) enables the utilization of immature oocytes retrieved during conventional in vitro fertilization (IVF) cycles. However, the developmental potential of r-IVM oocytes remains limited, particularly in women of advanced maternal age. This study evaluated whether transient caffeine supplementation during r-IVM improves the developmental competence of immature human oocytes in clinical assisted reproduction technology cycles. Immature oocytes obtained during conventional IVF were cultured with or without short-term caffeine exposure during r-IVM prior to standard culture conditions. After maturation, metaphase II oocytes underwent intracytoplasmic sperm injection, and embryonic development was assessed by fertilization rate, day 3 good-quality embryo formation, and blastocyst development. Although caffeine supplementation did not significantly affect nuclear maturation rates, it significantly increased fertilization efficiency and the proportion of good-quality embryos compared with controls. These effects were most pronounced in women aged ≥37 years. Time-lapse morphokinetic analysis further revealed more synchronized developmental kinetics in embryos derived from caffeine-treated oocytes, resembling those derived from in vivo-matured oocytes. Collectively, these findings suggest that transient caffeine exposure during r-IVM enhances post-fertilization developmental competence. The underlying mechanisms remain to be elucidated, and future studies are required to determine whether redox-sensitive meiotic pathways and mitochondrial function are involved."
safety,2025,"Advances, Mechanisms, and Clinical Perspectives for the In Vitro Maturation of Human Oocytes.","Gargallo-Alonso M, Picton HM, Malo C.",International journal of molecular sciences,10.3390/ijms27010005,41515886,PMC12785462,1,yes,review-article; Review; Journal Article,https://doi.org/10.3390/ijms27010005,"The in vitro maturation (IVM) of human oocytes represents a valuable assisted reproductive technology that bypasses the need for full ovarian stimulation, offering safer alternatives for patients with polycystic ovary syndrome (PCOS), resistant ovary syndrome, or those requiring fertility preservation before oncological treatment. Despite its potential, IVM efficiency remains lower than that of conventional in vitro fertilization (IVF) due to incomplete understanding of the molecular and metabolic mechanisms underpinning oocyte maturation. This review summarizes recent advances in IVM, including biphasic or simulated physiological oocyte maturation (SPOM) systems, optimization of culture media through hormones, growth factors, and antioxidants, and the influence of cumulus-oocyte communication on developmental competence. We also discuss the biochemical regulation of meiosis, metabolic interactions, and gene expression patterns associated with oocyte quality. Furthermore, we examine the translational and clinical applications of IVM in human fertility treatment, highlighting its efficacy in PCOS and oncofertility cases, and the limitations that persist in replicating in vivo conditions. Emerging technologies such as microfluidic and three-dimensional culture systems show promise in enhancing oocyte competence and embryo yield. Continued research into the molecular mechanisms governing oocyte maturation will be key to improving IVM outcomes and integrating this approach as a mainstream option in reproductive medicine."
safety,2025,FSH priming and hormonal modulation of oocyte competence in &lt;i&gt;in vitro&lt;/i&gt; maturation for infertility treatment: a systematic review and meta-analysis.,"Lin KB, Chien Y, Hou JH, Wu YC, Lin PL, Chien LT, Chen CH.",Frontiers in endocrinology,10.3389/fendo.2025.1682277,41180183,PMC12575120,0,yes,Meta-Analysis; Systematic Review; systematic-review; Journal Article,https://doi.org/10.3389/fendo.2025.1682277,"Background Does follicle-stimulating hormone priming improve reproductive outcomes in women undergoing in vitro maturation treatment for infertility?Follicle-stimulating hormone (FSH) is a key endocrine regulator of oocyte folliculogenesis and is crucial for granulosa-oocyte communication and cytoplasmic maturation. In vitro maturation (IVM) offers a lower risk when compared with conventional in vitro fertilization ovarian stimulation; however, widespread clinical adoption is limited by variable success rates and protocol heterogeneity. In regard to optimization strategies, FSH priming has been proposed to enhance oocyte competence, but its impact remains debatable. Objective To evaluate the effects of FSH priming on oocyte maturation and reproductive potential in IVM cycles for infertile women. Methods Employing PRISMA guidelines, we systematically searched PubMed, Cochrane Library, Embase, and Web of Science for randomized controlled trials comparing FSH-primed versus non-primed IVM cycles in infertile women. The primary outcome was oocyte maturation rate, whereas secondary outcomes included fertilization rate, cleavage rate, pregnancy rate, and implantation rate. Data pooled used random-effects models, with heterogeneity assessed by I 2 statistic. Results Six randomized controlled trials comprising of 497 women were analyzed. FSH priming was associated with a statistically significant increase in oocyte maturation rate [OR 1.24(95% CI, 1.05-1.45)] when compared with the non-stimulated group. However, pooled analysis showed no significant differences in fertilization rate or clinical pregnancy rate between groups. Conclusion FSH priming has been shown to enhance oocyte maturation rate in in vitro maturation cycles. However, current evidence shows that gonadotropin does not significantly improve fertilization or pregnancy outcomes."
